Date,Total Sleep Hours,First Sleep Start,Last Sleep End,Number of Sessions,Year,Month,Month Name,Day of Week,Day of Month,Week of Year,Bedtime,Wake Time,Sleep Duration (minutes)
2022-01-03,3.9091666666666667,2022-01-03 04:05:28+03:00,2022-01-03 04:05:28+03:00,1,2022,1,January,Monday,3,1,04:05,04:05,234.55
2022-01-04,6.0,2022-01-04 02:00:00+03:00,2022-01-04 02:00:00+03:00,1,2022,1,January,Tuesday,4,1,02:00,02:00,360.0
2022-01-05,6.000277777777778,2022-01-05 02:00:00+03:00,2022-01-05 02:00:00+03:00,1,2022,1,January,Wednesday,5,1,02:00,02:00,360.01666666666665
2022-01-06,5.463055555555556,2022-01-06 02:32:14+03:00,2022-01-06 02:32:14+03:00,1,2022,1,January,Thursday,6,1,02:32,02:32,327.78333333333336
2022-01-07,6.000277777777778,2022-01-07 02:00:00+03:00,2022-01-07 02:00:00+03:00,1,2022,1,January,Friday,7,1,02:00,02:00,360.01666666666665
2022-01-10,4.917777777777777,2022-01-10 03:04:57+03:00,2022-01-10 03:04:57+03:00,1,2022,1,January,Monday,10,2,03:04,03:04,295.06666666666666
2022-01-11,6.0,2022-01-11 02:00:00+03:00,2022-01-11 02:00:00+03:00,1,2022,1,January,Tuesday,11,2,02:00,02:00,360.0
2022-01-12,5.861111111111111,2022-01-12 02:08:20+03:00,2022-01-12 02:08:20+03:00,1,2022,1,January,Wednesday,12,2,02:08,02:08,351.66666666666663
2022-01-13,5.378888888888889,2022-01-13 02:37:17+03:00,2022-01-13 02:37:17+03:00,1,2022,1,January,Thursday,13,2,02:37,02:37,322.7333333333333
2022-01-14,6.000555555555556,2022-01-14 02:00:00+03:00,2022-01-14 02:00:00+03:00,1,2022,1,January,Friday,14,2,02:00,02:00,360.03333333333336
2022-01-17,6.0,2022-01-17 02:00:00+03:00,2022-01-17 02:00:00+03:00,1,2022,1,January,Monday,17,3,02:00,02:00,360.0
2022-01-18,3.7841666666666667,2022-01-18 04:12:57+03:00,2022-01-18 04:12:57+03:00,1,2022,1,January,Tuesday,18,3,04:12,04:12,227.05
2022-01-19,4.429722222222222,2022-01-19 03:34:15+03:00,2022-01-19 03:34:15+03:00,1,2022,1,January,Wednesday,19,3,03:34,03:34,265.7833333333333
2022-01-20,5.830277777777778,2022-01-20 02:00:00+03:00,2022-01-20 02:00:00+03:00,1,2022,1,January,Thursday,20,3,02:00,02:00,349.81666666666666
2022-01-21,1.7405555555555556,2022-01-21 06:15:34+03:00,2022-01-21 06:15:34+03:00,1,2022,1,January,Friday,21,3,06:15,06:15,104.43333333333334
2022-01-24,5.364444444444445,2022-01-24 02:37:15+03:00,2022-01-24 06:04:47+03:00,2,2022,1,January,Monday,24,4,02:37,06:04,321.8666666666667
2022-01-25,4.693333333333333,2022-01-25 03:18:24+03:00,2022-01-25 03:18:24+03:00,1,2022,1,January,Tuesday,25,4,03:18,03:18,281.6
2022-01-26,5.095277777777778,2022-01-26 02:54:03+03:00,2022-01-26 07:37:30+03:00,2,2022,1,January,Wednesday,26,4,02:54,07:37,305.71666666666664
2022-01-27,4.778888888888889,2022-01-27 03:13:16+03:00,2022-01-27 03:13:16+03:00,1,2022,1,January,Thursday,27,4,03:13,03:13,286.73333333333335
2022-01-28,4.86,2022-01-28 03:08:24+03:00,2022-01-28 03:08:24+03:00,1,2022,1,January,Friday,28,4,03:08,03:08,291.6
2022-01-31,5.733055555555556,2022-01-31 02:00:00+03:00,2022-01-31 04:47:53+03:00,2,2022,1,January,Monday,31,5,02:00,04:47,343.98333333333335
2022-02-01,5.4030555555555555,2022-02-01 02:35:49+03:00,2022-02-01 02:35:49+03:00,1,2022,2,February,Tuesday,1,5,02:35,02:35,324.18333333333334
2022-02-02,5.208055555555555,2022-02-02 02:47:32+03:00,2022-02-02 02:47:32+03:00,1,2022,2,February,Wednesday,2,5,02:47,02:47,312.4833333333333
2022-02-03,6.000555555555556,2022-02-03 02:00:00+03:00,2022-02-03 02:00:00+03:00,1,2022,2,February,Thursday,3,5,02:00,02:00,360.03333333333336
2022-02-04,5.963611111111112,2022-02-04 02:00:00+03:00,2022-02-04 05:05:53+03:00,2,2022,2,February,Friday,4,5,02:00,05:05,357.8166666666667
2022-02-07,5.961388888888889,2022-02-07 02:00:00+03:00,2022-02-07 02:00:00+03:00,1,2022,2,February,Monday,7,6,02:00,02:00,357.68333333333334
2022-02-08,5.423055555555555,2022-02-08 02:31:06+03:00,2022-02-08 05:42:50+03:00,2,2022,2,February,Tuesday,8,6,02:31,05:42,325.3833333333333
2022-02-09,3.9375,2022-02-09 04:03:45+03:00,2022-02-09 04:03:45+03:00,1,2022,2,February,Wednesday,9,6,04:03,04:03,236.25
2022-02-10,5.920555555555556,2022-02-10 02:00:00+03:00,2022-02-10 06:44:20+03:00,3,2022,2,February,Thursday,10,6,02:00,06:44,355.23333333333335
2022-02-11,3.1180555555555554,2022-02-11 04:52:55+03:00,2022-02-11 04:52:55+03:00,1,2022,2,February,Friday,11,6,04:52,04:52,187.08333333333331
2022-02-14,4.011666666666667,2022-02-14 01:36:25+03:00,2022-02-14 04:09:17+03:00,2,2022,2,February,Monday,14,7,01:36,04:09,240.7
2022-02-15,7.069444444444445,2022-02-15 00:55:00+03:00,2022-02-15 07:31:35+03:00,2,2022,2,February,Tuesday,15,7,00:55,07:31,424.1666666666667
2022-02-16,3.836388888888889,2022-02-16 04:09:49+03:00,2022-02-16 04:09:49+03:00,1,2022,2,February,Wednesday,16,7,04:09,04:09,230.18333333333334
2022-02-17,6.778611111111111,2022-02-17 01:13:19+03:00,2022-02-17 01:13:19+03:00,1,2022,2,February,Thursday,17,7,01:13,01:13,406.7166666666667
2022-02-18,5.3311111111111105,2022-02-18 02:24:27+03:00,2022-02-18 07:37:18+03:00,2,2022,2,February,Friday,18,7,02:24,07:37,319.8666666666666
2022-02-21,7.083333333333333,2022-02-21 00:55:00+03:00,2022-02-21 00:55:00+03:00,1,2022,2,February,Monday,21,8,00:55,00:55,425.0
2022-02-22,6.055,2022-02-22 00:55:00+03:00,2022-02-22 00:55:00+03:00,1,2022,2,February,Tuesday,22,8,00:55,00:55,363.29999999999995
2022-02-23,7.064444444444444,2022-02-23 00:55:00+03:00,2022-02-23 07:31:50+03:00,2,2022,2,February,Wednesday,23,8,00:55,07:31,423.8666666666666
2022-02-24,6.239166666666667,2022-02-24 00:55:00+03:00,2022-02-24 06:52:41+03:00,2,2022,2,February,Thursday,24,8,00:55,06:52,374.35
2022-02-25,6.575555555555556,2022-02-25 00:55:00+03:00,2022-02-25 03:10:42+03:00,2,2022,2,February,Friday,25,8,00:55,03:10,394.53333333333336
2022-02-28,4.848333333333334,2022-02-28 03:09:06+03:00,2022-02-28 03:09:06+03:00,1,2022,2,February,Monday,28,9,03:09,03:09,290.90000000000003
2022-03-01,6.6194444444444445,2022-03-01 01:22:50+03:00,2022-03-01 01:22:50+03:00,1,2022,3,March,Tuesday,1,9,01:22,01:22,397.1666666666667
2022-03-02,5.722777777777778,2022-03-02 02:16:39+03:00,2022-03-02 02:16:39+03:00,1,2022,3,March,Wednesday,2,9,02:16,02:16,343.3666666666667
2022-03-03,6.958055555555555,2022-03-03 01:02:33+03:00,2022-03-03 01:02:33+03:00,1,2022,3,March,Thursday,3,9,01:02,01:02,417.4833333333333
2022-03-04,5.674722222222222,2022-03-04 02:19:32+03:00,2022-03-04 02:19:32+03:00,1,2022,3,March,Friday,4,9,02:19,02:19,340.48333333333335
2022-03-07,5.510555555555555,2022-03-07 02:29:22+03:00,2022-03-07 02:29:22+03:00,1,2022,3,March,Monday,7,10,02:29,02:29,330.6333333333333
2022-03-08,6.819444444444445,2022-03-08 01:10:50+03:00,2022-03-08 01:10:50+03:00,1,2022,3,March,Tuesday,8,10,01:10,01:10,409.1666666666667
2022-03-09,3.935,2022-03-09 03:00:29+03:00,2022-03-09 06:58:38+03:00,5,2022,3,March,Wednesday,9,10,03:00,06:58,236.1
2022-03-10,3.643611111111111,2022-03-10 04:21:26+03:00,2022-03-10 04:21:26+03:00,1,2022,3,March,Thursday,10,10,04:21,04:21,218.61666666666665
2022-03-14,5.435555555555555,2022-03-14 02:33:52+03:00,2022-03-14 02:33:52+03:00,1,2022,3,March,Monday,14,11,02:33,02:33,326.1333333333333
2022-03-15,6.323333333333333,2022-03-15 01:40:38+03:00,2022-03-15 01:40:38+03:00,1,2022,3,March,Tuesday,15,11,01:40,01:40,379.4
2022-03-16,5.779999999999999,2022-03-16 02:09:59+03:00,2022-03-16 04:33:39+03:00,2,2022,3,March,Wednesday,16,11,02:09,04:33,346.79999999999995
2022-03-17,5.947222222222222,2022-03-17 02:03:11+03:00,2022-03-17 02:03:11+03:00,1,2022,3,March,Thursday,17,11,02:03,02:03,356.8333333333333
2022-03-18,4.598611111111111,2022-03-18 03:24:05+03:00,2022-03-18 03:24:05+03:00,1,2022,3,March,Friday,18,11,03:24,03:24,275.9166666666667
2022-03-21,3.3447222222222224,2022-03-21 04:39:20+03:00,2022-03-21 04:39:20+03:00,1,2022,3,March,Monday,21,12,04:39,04:39,200.68333333333334
2022-03-22,7.083333333333333,2022-03-22 00:55:00+03:00,2022-03-22 00:55:00+03:00,1,2022,3,March,Tuesday,22,12,00:55,00:55,425.0
2022-03-23,6.5247222222222225,2022-03-23 01:28:32+03:00,2022-03-23 01:28:32+03:00,1,2022,3,March,Wednesday,23,12,01:28,01:28,391.48333333333335
2022-03-24,5.908611111111111,2022-03-24 02:05:30+03:00,2022-03-24 02:05:30+03:00,1,2022,3,March,Thursday,24,12,02:05,02:05,354.51666666666665
2022-03-25,7.003888888888889,2022-03-25 00:59:46+03:00,2022-03-25 00:59:46+03:00,1,2022,3,March,Friday,25,12,00:59,00:59,420.2333333333333
2022-03-28,5.376944444444445,2022-03-28 02:37:26+03:00,2022-03-28 02:37:26+03:00,1,2022,3,March,Monday,28,13,02:37,02:37,322.6166666666667
2022-03-29,6.0441666666666665,2022-03-29 01:57:22+03:00,2022-03-29 01:57:22+03:00,1,2022,3,March,Tuesday,29,13,01:57,01:57,362.65
2022-03-30,3.47,2022-03-30 04:31:49+03:00,2022-03-30 04:31:49+03:00,1,2022,3,March,Wednesday,30,13,04:31,04:31,208.20000000000002
2022-03-31,6.296388888888889,2022-03-31 01:42:14+03:00,2022-03-31 01:42:14+03:00,1,2022,3,March,Thursday,31,13,01:42,01:42,377.78333333333336
2022-04-01,5.426388888888889,2022-04-01 02:34:26+03:00,2022-04-01 02:34:26+03:00,1,2022,4,April,Friday,1,13,02:34,02:34,325.5833333333333
2022-04-04,4.943888888888889,2022-04-04 03:03:23+03:00,2022-04-04 03:03:23+03:00,1,2022,4,April,Monday,4,14,03:03,03:03,296.6333333333333
2022-04-05,1.5025,2022-04-05 06:29:52+03:00,2022-04-05 06:29:52+03:00,1,2022,4,April,Tuesday,5,14,06:29,06:29,90.14999999999999
2022-04-06,6.150555555555556,2022-04-06 01:50:59+03:00,2022-04-06 01:50:59+03:00,1,2022,4,April,Wednesday,6,14,01:50,01:50,369.03333333333336
2022-04-07,6.407777777777778,2022-04-07 01:35:34+03:00,2022-04-07 01:35:34+03:00,1,2022,4,April,Thursday,7,14,01:35,01:35,384.46666666666664
2022-04-08,4.592222222222222,2022-04-08 03:24:28+03:00,2022-04-08 03:24:28+03:00,1,2022,4,April,Friday,8,14,03:24,03:24,275.53333333333336
2022-04-11,5.7011111111111115,2022-04-11 01:48:06+03:00,2022-04-11 01:48:06+03:00,1,2022,4,April,Monday,11,15,01:48,01:48,342.06666666666666
2022-04-12,6.123611111111111,2022-04-12 01:52:37+03:00,2022-04-12 01:52:37+03:00,1,2022,4,April,Tuesday,12,15,01:52,01:52,367.41666666666663
2022-04-13,5.753611111111111,2022-04-13 02:14:47+03:00,2022-04-13 02:14:47+03:00,1,2022,4,April,Wednesday,13,15,02:14,02:14,345.21666666666664
2022-04-14,6.1563888888888885,2022-04-14 01:50:38+03:00,2022-04-14 01:50:38+03:00,1,2022,4,April,Thursday,14,15,01:50,01:50,369.3833333333333
2022-04-15,5.729444444444445,2022-04-15 02:16:15+03:00,2022-04-15 02:16:15+03:00,1,2022,4,April,Friday,15,15,02:16,02:16,343.7666666666667
2022-04-18,4.799166666666666,2022-04-18 02:32:17+03:00,2022-04-18 02:32:17+03:00,1,2022,4,April,Monday,18,16,02:32,02:32,287.95
2022-04-19,4.0325,2022-04-19 03:58:04+03:00,2022-04-19 03:58:04+03:00,1,2022,4,April,Tuesday,19,16,03:58,03:58,241.95
2022-04-20,5.388333333333334,2022-04-20 02:36:43+03:00,2022-04-20 02:36:43+03:00,1,2022,4,April,Wednesday,20,16,02:36,02:36,323.3
2022-04-21,7.083333333333333,2022-04-21 00:55:00+03:00,2022-04-21 00:55:00+03:00,1,2022,4,April,Thursday,21,16,00:55,00:55,425.0
2022-04-22,4.315,2022-04-22 02:51:48+03:00,2022-04-22 02:51:48+03:00,1,2022,4,April,Friday,22,16,02:51,02:51,258.90000000000003
2022-04-25,6.198611111111111,2022-04-25 01:48:06+03:00,2022-04-25 01:48:06+03:00,1,2022,4,April,Monday,25,17,01:48,01:48,371.9166666666667
2022-04-26,4.908333333333333,2022-04-26 03:05:19+03:00,2022-04-26 07:30:44+03:00,2,2022,4,April,Tuesday,26,17,03:05,07:30,294.5
2022-04-27,6.105555555555555,2022-04-27 00:55:00+03:00,2022-04-27 00:55:00+03:00,1,2022,4,April,Wednesday,27,17,00:55,00:55,366.3333333333333
2022-04-28,3.776666666666667,2022-04-28 04:13:27+03:00,2022-04-28 04:13:27+03:00,1,2022,4,April,Thursday,28,17,04:13,04:13,226.60000000000002
2022-04-29,3.0555555555555554,2022-04-29 04:16:51+03:00,2022-04-29 04:16:51+03:00,1,2022,4,April,Friday,29,17,04:16,04:16,183.33333333333331
2022-05-02,6.164166666666667,2022-05-02 01:46:19+03:00,2022-05-02 05:10:11+03:00,2,2022,5,May,Monday,2,18,01:46,05:10,369.85
2022-05-03,7.083888888888889,2022-05-03 00:55:00+03:00,2022-05-03 00:55:00+03:00,1,2022,5,May,Tuesday,3,18,00:55,00:55,425.0333333333333
2022-05-04,7.083888888888889,2022-05-04 00:55:00+03:00,2022-05-04 00:55:00+03:00,1,2022,5,May,Wednesday,4,18,00:55,00:55,425.0333333333333
2022-05-05,3.4786111111111113,2022-05-05 02:08:00+03:00,2022-05-05 05:58:09+03:00,3,2022,5,May,Thursday,5,18,02:08,05:58,208.71666666666667
2022-05-06,7.075277777777778,2022-05-06 00:55:00+03:00,2022-05-06 07:00:56+03:00,2,2022,5,May,Friday,6,18,00:55,07:00,424.51666666666665
2022-05-09,3.7691666666666666,2022-05-09 02:54:41+03:00,2022-05-09 02:54:41+03:00,1,2022,5,May,Monday,9,19,02:54,02:54,226.15
2022-05-10,7.082777777777777,2022-05-10 00:55:00+03:00,2022-05-10 07:18:47+03:00,2,2022,5,May,Tuesday,10,19,00:55,07:18,424.96666666666664
2022-05-11,3.519722222222222,2022-05-11 03:29:22+03:00,2022-05-11 03:29:22+03:00,1,2022,5,May,Wednesday,11,19,03:29,03:29,211.18333333333334
2022-05-12,4.62,2022-05-12 02:23:04+03:00,2022-05-12 02:23:04+03:00,1,2022,5,May,Thursday,12,19,02:23,02:23,277.2
2022-05-13,2.707777777777778,2022-05-13 04:46:44+03:00,2022-05-13 07:10:02+03:00,4,2022,5,May,Friday,13,19,04:46,07:10,162.46666666666667
2022-05-16,5.777222222222222,2022-05-16 01:11:00+03:00,2022-05-16 05:05:45+03:00,2,2022,5,May,Monday,16,20,01:11,05:05,346.6333333333333
2022-05-17,4.942777777777778,2022-05-17 02:03:43+03:00,2022-05-17 02:03:43+03:00,1,2022,5,May,Tuesday,17,20,02:03,02:03,296.56666666666666
2022-05-18,4.294444444444444,2022-05-18 03:42:20+03:00,2022-05-18 03:42:20+03:00,1,2022,5,May,Wednesday,18,20,03:42,03:42,257.66666666666663
2022-05-19,4.361944444444444,2022-05-19 03:15:31+03:00,2022-05-19 05:27:52+03:00,2,2022,5,May,Thursday,19,20,03:15,05:27,261.71666666666664
2022-05-20,1.5077777777777779,2022-05-20 06:18:53+03:00,2022-05-20 06:18:53+03:00,1,2022,5,May,Friday,20,20,06:18,06:18,90.46666666666667
2022-05-23,6.643888888888889,2022-05-23 01:21:22+03:00,2022-05-23 01:21:22+03:00,1,2022,5,May,Monday,23,21,01:21,01:21,398.6333333333333
2022-05-24,5.573333333333333,2022-05-24 00:55:00+03:00,2022-05-24 00:55:00+03:00,1,2022,5,May,Tuesday,24,21,00:55,00:55,334.4
2022-05-25,5.5247222222222225,2022-05-25 00:55:00+03:00,2022-05-25 06:36:16+03:00,2,2022,5,May,Wednesday,25,21,00:55,06:36,331.48333333333335
2022-05-26,5.983888888888889,2022-05-26 02:00:59+03:00,2022-05-26 02:00:59+03:00,1,2022,5,May,Thursday,26,21,02:00,02:00,359.03333333333336
2022-05-27,4.726111111111111,2022-05-27 03:16:26+03:00,2022-05-27 03:16:26+03:00,1,2022,5,May,Friday,27,21,03:16,03:16,283.56666666666666
2022-05-30,6.2908333333333335,2022-05-30 01:42:33+03:00,2022-05-30 01:42:33+03:00,1,2022,5,May,Monday,30,22,01:42,01:42,377.45
2022-05-31,5.094722222222222,2022-05-31 01:56:53+03:00,2022-05-31 03:35:02+03:00,2,2022,5,May,Tuesday,31,22,01:56,03:35,305.68333333333334
2022-06-01,7.001666666666667,2022-06-01 00:57:46+03:00,2022-06-01 06:18:42+03:00,2,2022,6,June,Wednesday,1,22,00:57,06:18,420.1
2022-06-02,6.509722222222222,2022-06-02 01:27:16+03:00,2022-06-02 02:51:10+03:00,2,2022,6,June,Thursday,2,22,01:27,02:51,390.5833333333333
2022-06-03,6.586111111111111,2022-06-03 01:24:50+03:00,2022-06-03 01:24:50+03:00,1,2022,6,June,Friday,3,22,01:24,01:24,395.1666666666667
2022-06-06,5.746111111111111,2022-06-06 00:55:00+03:00,2022-06-06 06:17:59+03:00,3,2022,6,June,Monday,6,23,00:55,06:17,344.7666666666667
2022-06-07,7.083333333333333,2022-06-07 00:55:00+03:00,2022-06-07 00:55:00+03:00,1,2022,6,June,Tuesday,7,23,00:55,00:55,425.0
2022-06-08,3.2402777777777776,2022-06-08 04:35:50+03:00,2022-06-08 04:35:50+03:00,1,2022,6,June,Wednesday,8,23,04:35,04:35,194.41666666666666
2022-06-09,3.3108333333333335,2022-06-09 04:41:21+03:00,2022-06-09 04:41:21+03:00,1,2022,6,June,Thursday,9,23,04:41,04:41,198.65
2022-06-10,7.083333333333333,2022-06-10 00:55:00+03:00,2022-06-10 00:55:00+03:00,1,2022,6,June,Friday,10,23,00:55,00:55,425.0
2022-06-13,6.5313888888888885,2022-06-13 01:00:13+03:00,2022-06-13 01:00:13+03:00,1,2022,6,June,Monday,13,24,01:00,01:00,391.8833333333333
2022-06-14,6.034722222222222,2022-06-14 01:57:55+03:00,2022-06-14 01:57:55+03:00,1,2022,6,June,Tuesday,14,24,01:57,01:57,362.0833333333333
2022-06-15,6.070833333333334,2022-06-15 01:55:45+03:00,2022-06-15 01:55:45+03:00,1,2022,6,June,Wednesday,15,24,01:55,01:55,364.25
2022-06-16,6.0841666666666665,2022-06-16 01:54:59+03:00,2022-06-16 01:54:59+03:00,1,2022,6,June,Thursday,16,24,01:54,01:54,365.05
2022-06-17,6.059722222222222,2022-06-17 01:11:19+03:00,2022-06-17 01:11:19+03:00,1,2022,6,June,Friday,17,24,01:11,01:11,363.5833333333333
2022-06-20,5.914444444444444,2022-06-20 02:05:08+03:00,2022-06-20 02:05:08+03:00,1,2022,6,June,Monday,20,25,02:05,02:05,354.8666666666667
2022-06-21,6.458333333333333,2022-06-21 01:32:21+03:00,2022-06-21 07:35:47+03:00,2,2022,6,June,Tuesday,21,25,01:32,07:35,387.5
2022-06-22,5.052777777777778,2022-06-22 02:56:50+03:00,2022-06-22 02:56:50+03:00,1,2022,6,June,Wednesday,22,25,02:56,02:56,303.1666666666667
2022-06-23,4.785277777777778,2022-06-23 03:12:53+03:00,2022-06-23 03:12:53+03:00,1,2022,6,June,Thursday,23,25,03:12,03:12,287.1166666666667
2022-06-24,3.378888888888889,2022-06-24 04:37:16+03:00,2022-06-24 04:37:16+03:00,1,2022,6,June,Friday,24,25,04:37,04:37,202.73333333333335
2022-06-27,3.6405555555555558,2022-06-27 03:24:55+03:00,2022-06-27 03:24:55+03:00,1,2022,6,June,Monday,27,26,03:24,03:24,218.43333333333334
2022-06-28,4.4286111111111115,2022-06-28 02:46:36+03:00,2022-06-28 02:46:36+03:00,1,2022,6,June,Tuesday,28,26,02:46,02:46,265.7166666666667
2022-06-29,6.28,2022-06-29 01:21:46+03:00,2022-06-29 01:21:46+03:00,1,2022,6,June,Wednesday,29,26,01:21,01:21,376.8
2022-06-30,1.305,2022-06-30 04:48:39+03:00,2022-06-30 06:34:03+03:00,2,2022,6,June,Thursday,30,26,04:48,06:34,78.3
2022-07-01,5.800277777777778,2022-07-01 00:55:00+03:00,2022-07-01 07:13:23+03:00,2,2022,7,July,Friday,1,26,00:55,07:13,348.01666666666665
2022-07-04,5.354166666666667,2022-07-04 02:38:46+03:00,2022-07-04 02:38:46+03:00,1,2022,7,July,Monday,4,27,02:38,02:38,321.25
2022-07-05,6.690277777777778,2022-07-05 01:17:46+03:00,2022-07-05 07:34:22+03:00,2,2022,7,July,Tuesday,5,27,01:17,07:34,401.4166666666667
2022-07-06,4.795833333333333,2022-07-06 03:12:15+03:00,2022-07-06 03:12:15+03:00,1,2022,7,July,Wednesday,6,27,03:12,03:12,287.75
2022-07-07,4.070277777777778,2022-07-07 03:55:47+03:00,2022-07-07 03:55:47+03:00,1,2022,7,July,Thursday,7,27,03:55,03:55,244.2166666666667
2022-07-08,6.051944444444445,2022-07-08 01:56:54+03:00,2022-07-08 01:56:54+03:00,1,2022,7,July,Friday,8,27,01:56,01:56,363.1166666666667
2022-07-11,5.265555555555555,2022-07-11 02:44:06+03:00,2022-07-11 02:44:06+03:00,1,2022,7,July,Monday,11,28,02:44,02:44,315.93333333333334
2022-07-12,5.5975,2022-07-12 02:17:04+03:00,2022-07-12 02:17:04+03:00,1,2022,7,July,Tuesday,12,28,02:17,02:17,335.85
2022-07-13,4.4847222222222225,2022-07-13 03:30:55+03:00,2022-07-13 03:30:55+03:00,1,2022,7,July,Wednesday,13,28,03:30,03:30,269.08333333333337
2022-07-14,7.0522222222222215,2022-07-14 00:55:00+03:00,2022-07-14 05:16:55+03:00,2,2022,7,July,Thursday,14,28,00:55,05:16,423.13333333333327
2022-07-15,4.126944444444445,2022-07-15 03:52:23+03:00,2022-07-15 03:52:23+03:00,1,2022,7,July,Friday,15,28,03:52,03:52,247.61666666666667
2022-07-18,5.493055555555555,2022-07-18 02:29:11+03:00,2022-07-18 05:26:40+03:00,2,2022,7,July,Monday,18,29,02:29,05:26,329.5833333333333
2022-07-19,7.083333333333333,2022-07-19 00:55:00+03:00,2022-07-19 00:55:00+03:00,1,2022,7,July,Tuesday,19,29,00:55,00:55,425.0
2022-07-20,4.413055555555555,2022-07-20 03:34:45+03:00,2022-07-20 05:11:26+03:00,2,2022,7,July,Wednesday,20,29,03:34,05:11,264.7833333333333
2022-07-21,7.083333333333333,2022-07-21 00:55:00+03:00,2022-07-21 00:55:00+03:00,1,2022,7,July,Thursday,21,29,00:55,00:55,425.0
2022-07-22,6.296666666666667,2022-07-22 01:42:12+03:00,2022-07-22 01:42:12+03:00,1,2022,7,July,Friday,22,29,01:42,01:42,377.8
2022-07-25,4.945555555555556,2022-07-25 03:03:17+03:00,2022-07-25 03:03:17+03:00,1,2022,7,July,Monday,25,30,03:03,03:03,296.73333333333335
2022-07-26,7.078333333333333,2022-07-26 00:55:00+03:00,2022-07-26 06:26:41+03:00,2,2022,7,July,Tuesday,26,30,00:55,06:26,424.7
2022-07-27,5.912222222222222,2022-07-27 01:05:36+03:00,2022-07-27 01:05:36+03:00,1,2022,7,July,Wednesday,27,30,01:05,01:05,354.7333333333333
2022-07-28,4.378055555555555,2022-07-28 02:40:31+03:00,2022-07-28 02:40:31+03:00,1,2022,7,July,Thursday,28,30,02:40,02:40,262.6833333333333
2022-07-29,5.701111111111111,2022-07-29 00:55:00+03:00,2022-07-29 04:45:08+03:00,2,2022,7,July,Friday,29,30,00:55,04:45,342.0666666666666
2022-08-01,2.2472222222222222,2022-08-01 02:04:15+03:00,2022-08-01 02:04:15+03:00,1,2022,8,August,Monday,1,31,02:04,02:04,134.83333333333334
2022-08-02,4.15,2022-08-02 01:47:47+03:00,2022-08-02 01:47:47+03:00,1,2022,8,August,Tuesday,2,31,01:47,01:47,249.00000000000003
2022-08-03,7.083333333333333,2022-08-03 00:55:00+03:00,2022-08-03 00:55:00+03:00,1,2022,8,August,Wednesday,3,31,00:55,00:55,425.0
2022-08-04,5.835555555555556,2022-08-04 02:09:54+03:00,2022-08-04 02:09:54+03:00,1,2022,8,August,Thursday,4,31,02:09,02:09,350.1333333333333
2022-08-05,6.793333333333333,2022-08-05 01:12:26+03:00,2022-08-05 01:12:26+03:00,1,2022,8,August,Friday,5,31,01:12,01:12,407.59999999999997
2022-08-08,7.083611111111111,2022-08-08 00:55:00+03:00,2022-08-08 00:55:00+03:00,1,2022,8,August,Monday,8,32,00:55,00:55,425.01666666666665
2022-08-09,5.8438888888888885,2022-08-09 02:09:22+03:00,2022-08-09 02:09:22+03:00,1,2022,8,August,Tuesday,9,32,02:09,02:09,350.6333333333333
2022-08-10,5.865555555555556,2022-08-10 02:08:05+03:00,2022-08-10 02:08:05+03:00,1,2022,8,August,Wednesday,10,32,02:08,02:08,351.93333333333334
2022-08-11,6.506944444444445,2022-08-11 01:29:35+03:00,2022-08-11 01:29:35+03:00,1,2022,8,August,Thursday,11,32,01:29,01:29,390.4166666666667
2022-08-12,4.897222222222222,2022-08-12 02:40:04+03:00,2022-08-12 02:40:04+03:00,1,2022,8,August,Friday,12,32,02:40,02:40,293.8333333333333
2022-08-15,6.582777777777777,2022-08-15 01:25:03+03:00,2022-08-15 01:25:03+03:00,1,2022,8,August,Monday,15,33,01:25,01:25,394.96666666666664
2022-08-16,4.9,2022-08-16 02:40:39+03:00,2022-08-16 07:35:26+03:00,4,2022,8,August,Tuesday,16,33,02:40,07:35,294.0
2022-08-17,4.133333333333334,2022-08-17 03:52:00+03:00,2022-08-17 03:52:00+03:00,1,2022,8,August,Wednesday,17,33,03:52,03:52,248.00000000000003
2022-08-18,4.185833333333333,2022-08-18 03:48:54+03:00,2022-08-18 03:48:54+03:00,1,2022,8,August,Thursday,18,33,03:48,03:48,251.14999999999998
2022-08-19,5.181111111111111,2022-08-19 02:49:08+03:00,2022-08-19 02:49:08+03:00,1,2022,8,August,Friday,19,33,02:49,02:49,310.8666666666667
2022-08-22,6.601111111111111,2022-08-22 01:23:56+03:00,2022-08-22 01:23:56+03:00,1,2022,8,August,Monday,22,34,01:23,01:23,396.06666666666666
2022-08-23,6.164722222222222,2022-08-23 01:50:09+03:00,2022-08-23 01:50:09+03:00,1,2022,8,August,Tuesday,23,34,01:50,01:50,369.8833333333333
2022-08-24,4.026111111111111,2022-08-24 03:58:27+03:00,2022-08-24 03:58:27+03:00,1,2022,8,August,Wednesday,24,34,03:58,03:58,241.56666666666663
2022-08-25,7.083888888888889,2022-08-25 00:55:00+03:00,2022-08-25 00:55:00+03:00,1,2022,8,August,Thursday,25,34,00:55,00:55,425.0333333333333
2022-08-26,5.858055555555556,2022-08-26 02:08:31+03:00,2022-08-26 02:08:31+03:00,1,2022,8,August,Friday,26,34,02:08,02:08,351.48333333333335
2022-08-29,6.2091666666666665,2022-08-29 01:47:27+03:00,2022-08-29 01:47:27+03:00,1,2022,8,August,Monday,29,35,01:47,01:47,372.55
2022-08-30,4.71,2022-08-30 01:47:35+03:00,2022-08-30 01:47:35+03:00,1,2022,8,August,Tuesday,30,35,01:47,01:47,282.6
2022-08-31,6.0925,2022-08-31 01:54:27+03:00,2022-08-31 01:54:27+03:00,1,2022,8,August,Wednesday,31,35,01:54,01:54,365.55
2022-09-01,4.419444444444444,2022-09-01 03:34:50+03:00,2022-09-01 03:34:50+03:00,1,2022,9,September,Thursday,1,35,03:34,03:34,265.16666666666663
2022-09-02,5.215,2022-09-02 02:47:07+03:00,2022-09-02 02:47:07+03:00,1,2022,9,September,Friday,2,35,02:47,02:47,312.9
2022-09-05,4.181666666666667,2022-09-05 02:13:32+03:00,2022-09-05 02:13:32+03:00,1,2022,9,September,Monday,5,36,02:13,02:13,250.9
2022-09-06,5.553055555555556,2022-09-06 02:26:50+03:00,2022-09-06 02:26:50+03:00,1,2022,9,September,Tuesday,6,36,02:26,02:26,333.18333333333334
2022-09-07,6.838333333333334,2022-09-07 00:55:00+03:00,2022-09-07 07:04:21+03:00,2,2022,9,September,Wednesday,7,36,00:55,07:04,410.3
2022-09-08,6.114722222222222,2022-09-08 01:53:07+03:00,2022-09-08 01:53:07+03:00,1,2022,9,September,Thursday,8,36,01:53,01:53,366.8833333333333
2022-09-09,4.851666666666667,2022-09-09 03:08:55+03:00,2022-09-09 03:08:55+03:00,1,2022,9,September,Friday,9,36,03:08,03:08,291.1
2022-09-12,6.460833333333333,2022-09-12 01:55:00+03:00,2022-09-12 01:55:00+03:00,1,2022,9,September,Monday,12,37,01:55,01:55,387.65
2022-09-13,6.978611111111111,2022-09-13 02:01:17+03:00,2022-09-13 02:01:17+03:00,1,2022,9,September,Tuesday,13,37,02:01,02:01,418.7166666666667
2022-09-15,0.5663888888888889,2022-09-15 07:56:03+03:00,2022-09-15 07:56:03+03:00,1,2022,9,September,Thursday,15,37,07:56,07:56,33.983333333333334
2022-09-16,6.810277777777777,2022-09-16 02:11:23+03:00,2022-09-16 02:11:23+03:00,1,2022,9,September,Friday,16,37,02:11,02:11,408.6166666666667
2022-09-19,6.001666666666667,2022-09-19 02:59:55+03:00,2022-09-19 02:59:55+03:00,1,2022,9,September,Monday,19,38,02:59,02:59,360.1
2022-09-20,1.5236111111111112,2022-09-20 05:54:31+03:00,2022-09-20 07:19:00+03:00,2,2022,9,September,Tuesday,20,38,05:54,07:19,91.41666666666667
2022-09-21,6.350555555555555,2022-09-21 00:55:00+03:00,2022-09-21 00:55:00+03:00,1,2022,9,September,Wednesday,21,38,00:55,00:55,381.0333333333333
2022-09-22,6.195,2022-09-22 01:48:18+03:00,2022-09-22 01:48:18+03:00,1,2022,9,September,Thursday,22,38,01:48,01:48,371.70000000000005
2022-09-23,6.404444444444445,2022-09-23 01:35:45+03:00,2022-09-23 01:35:45+03:00,1,2022,9,September,Friday,23,38,01:35,01:35,384.26666666666665
2022-09-26,6.259166666666666,2022-09-26 01:44:28+03:00,2022-09-26 01:44:28+03:00,1,2022,9,September,Monday,26,39,01:44,01:44,375.54999999999995
2022-09-27,6.260277777777778,2022-09-27 01:44:23+03:00,2022-09-27 01:44:23+03:00,1,2022,9,September,Tuesday,27,39,01:44,01:44,375.6166666666667
2022-09-28,1.0319444444444446,2022-09-28 05:01:26+03:00,2022-09-28 06:32:19+03:00,2,2022,9,September,Wednesday,28,39,05:01,06:32,61.91666666666667
2022-09-29,5.809444444444445,2022-09-29 02:11:26+03:00,2022-09-29 02:11:26+03:00,1,2022,9,September,Thursday,29,39,02:11,02:11,348.5666666666667
2022-09-30,7.083333333333333,2022-09-30 00:55:00+03:00,2022-09-30 00:55:00+03:00,1,2022,9,September,Friday,30,39,00:55,00:55,425.0
2022-10-03,6.091944444444445,2022-10-03 00:55:00+03:00,2022-10-03 00:55:00+03:00,1,2022,10,October,Monday,3,40,00:55,00:55,365.51666666666665
2022-10-04,6.360555555555556,2022-10-04 01:38:22+03:00,2022-10-04 01:38:22+03:00,1,2022,10,October,Tuesday,4,40,01:38,01:38,381.6333333333334
2022-10-05,6.864722222222222,2022-10-05 00:55:00+03:00,2022-10-05 07:02:36+03:00,2,2022,10,October,Wednesday,5,40,00:55,07:02,411.8833333333333
2022-10-06,5.785555555555556,2022-10-06 02:12:39+03:00,2022-10-06 07:00:35+03:00,2,2022,10,October,Thursday,6,40,02:12,07:00,347.1333333333333
2022-10-07,1.2016666666666667,2022-10-07 09:20:27+03:00,2022-10-07 11:40:19+03:00,3,2022,10,October,Friday,7,40,09:20,11:40,72.1
2022-10-10,6.595555555555555,2022-10-10 01:24:17+03:00,2022-10-10 01:24:17+03:00,1,2022,10,October,Monday,10,41,01:24,01:24,395.73333333333335
2022-10-11,4.664722222222222,2022-10-11 03:20:08+03:00,2022-10-11 03:20:08+03:00,1,2022,10,October,Tuesday,11,41,03:20,03:20,279.8833333333333
2022-10-12,6.9375,2022-10-12 00:55:00+03:00,2022-10-12 00:55:00+03:00,1,2022,10,October,Wednesday,12,41,00:55,00:55,416.25
2022-10-13,7.016944444444444,2022-10-13 00:55:00+03:00,2022-10-13 07:33:22+03:00,2,2022,10,October,Thursday,13,41,00:55,07:33,421.01666666666665
2022-10-14,4.909166666666667,2022-10-14 02:03:05+03:00,2022-10-14 04:22:37+03:00,4,2022,10,October,Friday,14,41,02:03,04:22,294.55
2022-10-17,5.894166666666667,2022-10-17 02:06:23+03:00,2022-10-17 02:06:23+03:00,1,2022,10,October,Monday,17,42,02:06,02:06,353.65000000000003
2022-10-18,5.641666666666667,2022-10-18 02:05:52+03:00,2022-10-18 07:17:04+03:00,2,2022,10,October,Tuesday,18,42,02:05,07:17,338.5
2022-10-19,6.373055555555555,2022-10-19 01:35:54+03:00,2022-10-19 07:09:54+03:00,3,2022,10,October,Wednesday,19,42,01:35,07:09,382.3833333333333
2022-10-20,6.693333333333333,2022-10-20 00:55:00+03:00,2022-10-20 00:55:00+03:00,1,2022,10,October,Thursday,20,42,00:55,00:55,401.6
2022-10-21,6.436111111111111,2022-10-21 01:33:39+03:00,2022-10-21 03:19:44+03:00,2,2022,10,October,Friday,21,42,01:33,03:19,386.16666666666663
2022-10-24,5.899166666666666,2022-10-24 02:05:04+03:00,2022-10-24 07:04:14+03:00,2,2022,10,October,Monday,24,43,02:05,07:04,353.94999999999993
2022-10-25,5.3999999999999995,2022-10-25 02:23:28+03:00,2022-10-25 07:03:22+03:00,3,2022,10,October,Tuesday,25,43,02:23,07:03,323.99999999999994
2022-10-26,6.946111111111112,2022-10-26 00:55:00+03:00,2022-10-26 07:09:31+03:00,2,2022,10,October,Wednesday,26,43,00:55,07:09,416.7666666666667
2022-10-27,5.543611111111111,2022-10-27 02:27:09+03:00,2022-10-27 07:00:29+03:00,2,2022,10,October,Thursday,27,43,02:27,07:00,332.6166666666667
2022-10-28,5.975833333333333,2022-10-28 01:38:33+03:00,2022-10-28 03:45:26+03:00,3,2022,10,October,Friday,28,43,01:38,03:45,358.55
2022-10-31,7.078611111111111,2022-10-31 00:55:00+03:00,2022-10-31 07:00:35+03:00,3,2022,10,October,Monday,31,44,00:55,07:00,424.71666666666664
2022-11-01,5.769444444444444,2022-11-01 00:55:00+03:00,2022-11-01 05:05:21+03:00,4,2022,11,November,Tuesday,1,44,00:55,05:05,346.16666666666663
2022-11-02,6.919444444444444,2022-11-02 00:55:00+03:00,2022-11-02 07:29:18+03:00,3,2022,11,November,Wednesday,2,44,00:55,07:29,415.16666666666663
2022-11-03,6.8025,2022-11-03 01:11:04+03:00,2022-11-03 07:03:05+03:00,2,2022,11,November,Thursday,3,44,01:11,07:03,408.15000000000003
2022-11-04,5.972222222222221,2022-11-04 01:59:57+03:00,2022-11-04 07:18:44+03:00,2,2022,11,November,Friday,4,44,01:59,07:18,358.33333333333326
2022-11-07,6.158888888888889,2022-11-07 01:50:30+03:00,2022-11-07 01:50:30+03:00,1,2022,11,November,Monday,7,45,01:50,01:50,369.5333333333333
2022-11-08,6.881111111111111,2022-11-08 00:55:00+03:00,2022-11-08 07:13:05+03:00,2,2022,11,November,Tuesday,8,45,00:55,07:13,412.8666666666667
2022-11-09,6.472222222222222,2022-11-09 01:31:40+03:00,2022-11-09 01:31:40+03:00,1,2022,11,November,Wednesday,9,45,01:31,01:31,388.3333333333333
2022-11-10,6.131944444444445,2022-11-10 01:52:07+03:00,2022-11-10 01:52:07+03:00,1,2022,11,November,Thursday,10,45,01:52,01:52,367.9166666666667
2022-11-11,5.805833333333333,2022-11-11 01:21:16+03:00,2022-11-11 03:57:43+03:00,3,2022,11,November,Friday,11,45,01:21,03:57,348.34999999999997
2022-11-14,7.0680555555555555,2022-11-14 00:55:00+03:00,2022-11-14 07:21:10+03:00,2,2022,11,November,Monday,14,46,00:55,07:21,424.0833333333333
2022-11-15,5.383611111111111,2022-11-15 02:36:59+03:00,2022-11-15 02:36:59+03:00,1,2022,11,November,Tuesday,15,46,02:36,02:36,323.01666666666665
2022-11-16,5.663333333333333,2022-11-16 01:57:47+03:00,2022-11-16 03:10:21+03:00,3,2022,11,November,Wednesday,16,46,01:57,03:10,339.8
2022-11-17,4.6925,2022-11-17 02:23:03+03:00,2022-11-17 03:49:00+03:00,2,2022,11,November,Thursday,17,46,02:23,03:49,281.55
2022-11-18,6.064166666666667,2022-11-18 01:56:09+03:00,2022-11-18 01:56:09+03:00,1,2022,11,November,Friday,18,46,01:56,01:56,363.85
2022-11-21,5.829166666666667,2022-11-21 02:10:15+03:00,2022-11-21 02:10:15+03:00,1,2022,11,November,Monday,21,47,02:10,02:10,349.75
2022-11-22,6.496111111111111,2022-11-22 01:30:14+03:00,2022-11-22 01:30:14+03:00,1,2022,11,November,Tuesday,22,47,01:30,01:30,389.7666666666667
2022-11-23,4.992222222222223,2022-11-23 02:23:52+03:00,2022-11-23 07:31:23+03:00,3,2022,11,November,Wednesday,23,47,02:23,07:31,299.53333333333336
2022-11-24,5.9125,2022-11-24 02:02:11+03:00,2022-11-24 02:02:11+03:00,1,2022,11,November,Thursday,24,47,02:02,02:02,354.75
2022-11-28,6.545833333333333,2022-11-28 01:27:15+03:00,2022-11-28 01:27:15+03:00,1,2022,11,November,Monday,28,48,01:27,01:27,392.75
2022-11-29,6.230833333333333,2022-11-29 01:41:27+03:00,2022-11-29 01:41:27+03:00,1,2022,11,November,Tuesday,29,48,01:41,01:41,373.84999999999997
2022-11-30,6.504444444444444,2022-11-30 01:29:44+03:00,2022-11-30 01:29:44+03:00,1,2022,11,November,Wednesday,30,48,01:29,01:29,390.26666666666665
2022-12-01,6.640833333333333,2022-12-01 00:55:00+03:00,2022-12-01 07:27:24+03:00,2,2022,12,December,Thursday,1,48,00:55,07:27,398.45
2022-12-02,5.558333333333334,2022-12-02 02:23:00+03:00,2022-12-02 02:23:00+03:00,1,2022,12,December,Friday,2,48,02:23,02:23,333.5
2022-12-05,7.083888888888889,2022-12-05 00:55:00+03:00,2022-12-05 00:55:00+03:00,1,2022,12,December,Monday,5,49,00:55,00:55,425.0333333333333
2022-12-06,6.145,2022-12-06 01:51:18+03:00,2022-12-06 01:51:18+03:00,1,2022,12,December,Tuesday,6,49,01:51,01:51,368.7
2022-12-07,5.263055555555556,2022-12-07 02:44:13+03:00,2022-12-07 02:44:13+03:00,1,2022,12,December,Wednesday,7,49,02:44,02:44,315.78333333333336
2022-12-08,5.756944444444445,2022-12-08 02:10:16+03:00,2022-12-08 02:10:16+03:00,1,2022,12,December,Thursday,8,49,02:10,02:10,345.4166666666667
2022-12-09,6.488333333333333,2022-12-09 01:27:37+03:00,2022-12-09 01:27:37+03:00,1,2022,12,December,Friday,9,49,01:27,01:27,389.3
2022-12-12,5.513055555555556,2022-12-12 02:29:13+03:00,2022-12-12 02:29:13+03:00,1,2022,12,December,Monday,12,50,02:29,02:29,330.78333333333336
2022-12-13,7.083333333333333,2022-12-13 00:55:00+03:00,2022-12-13 00:55:00+03:00,1,2022,12,December,Tuesday,13,50,00:55,00:55,425.0
2022-12-14,6.552222222222222,2022-12-14 01:26:34+03:00,2022-12-14 01:26:34+03:00,1,2022,12,December,Wednesday,14,50,01:26,01:26,393.1333333333333
2022-12-15,7.020277777777777,2022-12-15 00:55:00+03:00,2022-12-15 00:55:00+03:00,1,2022,12,December,Thursday,15,50,00:55,00:55,421.21666666666664
2022-12-16,3.493888888888889,2022-12-16 02:26:20+03:00,2022-12-16 06:18:06+03:00,6,2022,12,December,Friday,16,50,02:26,06:18,209.63333333333333
2022-12-19,6.698611111111111,2022-12-19 01:18:07+03:00,2022-12-19 01:18:07+03:00,1,2022,12,December,Monday,19,51,01:18,01:18,401.9166666666667
2022-12-20,3.830833333333333,2022-12-20 03:28:51+03:00,2022-12-20 07:01:55+03:00,4,2022,12,December,Tuesday,20,51,03:28,07:01,229.85
2022-12-21,7.046388888888889,2022-12-21 00:55:00+03:00,2022-12-21 07:03:29+03:00,2,2022,12,December,Wednesday,21,51,00:55,07:03,422.78333333333336
2022-12-22,5.288333333333334,2022-12-22 02:42:22+03:00,2022-12-22 07:30:34+03:00,2,2022,12,December,Thursday,22,51,02:42,07:30,317.30000000000007
2022-12-23,5.806666666666667,2022-12-23 02:11:36+03:00,2022-12-23 02:11:36+03:00,1,2022,12,December,Friday,23,51,02:11,02:11,348.4
2022-12-26,6.391666666666667,2022-12-26 01:36:31+03:00,2022-12-26 01:36:31+03:00,1,2022,12,December,Monday,26,52,01:36,01:36,383.5
2022-12-27,5.309722222222223,2022-12-27 02:15:40+03:00,2022-12-27 03:18:04+03:00,3,2022,12,December,Tuesday,27,52,02:15,03:18,318.58333333333337
2022-12-28,7.083333333333333,2022-12-28 00:55:00+03:00,2022-12-28 00:55:00+03:00,1,2022,12,December,Wednesday,28,52,00:55,00:55,425.0
2022-12-29,6.748055555555555,2022-12-29 01:15:07+03:00,2022-12-29 01:15:07+03:00,1,2022,12,December,Thursday,29,52,01:15,01:15,404.8833333333333
2022-12-30,5.5275,2022-12-30 02:08:15+03:00,2022-12-30 02:48:14+03:00,2,2022,12,December,Friday,30,52,02:08,02:48,331.65
2023-01-02,6.1177777777777775,2023-01-02 01:52:56+03:00,2023-01-02 01:52:56+03:00,1,2023,1,January,Monday,2,1,01:52,01:52,367.06666666666666
2023-01-03,6.736666666666666,2023-01-03 00:55:00+03:00,2023-01-03 07:12:02+03:00,2,2023,1,January,Tuesday,3,1,00:55,07:12,404.2
2023-01-04,6.146111111111111,2023-01-04 01:51:14+03:00,2023-01-04 01:51:14+03:00,1,2023,1,January,Wednesday,4,1,01:51,01:51,368.76666666666665
2023-01-05,5.958055555555555,2023-01-05 02:02:31+03:00,2023-01-05 02:02:31+03:00,1,2023,1,January,Thursday,5,1,02:02,02:02,357.4833333333333
2023-01-06,5.853611111111111,2023-01-06 02:08:47+03:00,2023-01-06 02:08:47+03:00,1,2023,1,January,Friday,6,1,02:08,02:08,351.2166666666667
2023-01-09,4.827222222222223,2023-01-09 02:29:02+03:00,2023-01-09 03:27:34+03:00,2,2023,1,January,Monday,9,2,02:29,03:27,289.6333333333334
2023-01-10,4.603888888888889,2023-01-10 02:22:12+03:00,2023-01-10 03:39:28+03:00,2,2023,1,January,Tuesday,10,2,02:22,03:39,276.23333333333335
2023-01-11,3.709722222222222,2023-01-11 04:17:26+03:00,2023-01-11 04:17:26+03:00,1,2023,1,January,Wednesday,11,2,04:17,04:17,222.58333333333331
2023-01-12,4.547777777777778,2023-01-12 03:27:08+03:00,2023-01-12 03:27:08+03:00,1,2023,1,January,Thursday,12,2,03:27,03:27,272.8666666666667
2023-01-13,4.762222222222222,2023-01-13 02:47:37+03:00,2023-01-13 04:22:00+03:00,2,2023,1,January,Friday,13,2,02:47,04:22,285.73333333333335
2023-01-16,4.973333333333334,2023-01-16 03:01:38+03:00,2023-01-16 03:01:38+03:00,1,2023,1,January,Monday,16,3,03:01,03:01,298.40000000000003
2023-01-17,4.004166666666666,2023-01-17 02:23:58+03:00,2023-01-17 05:07:05+03:00,2,2023,1,January,Tuesday,17,3,02:23,05:07,240.25
2023-01-18,4.959444444444445,2023-01-18 01:59:05+03:00,2023-01-18 03:58:29+03:00,3,2023,1,January,Wednesday,18,3,01:59,03:58,297.5666666666667
2023-01-19,4.357222222222222,2023-01-19 02:00:04+03:00,2023-01-19 04:41:14+03:00,3,2023,1,January,Thursday,19,3,02:00,04:41,261.43333333333334
2023-01-20,5.996944444444445,2023-01-20 01:57:19+03:00,2023-01-20 04:24:30+03:00,2,2023,1,January,Friday,20,3,01:57,04:24,359.8166666666667
2023-01-23,5.8374999999999995,2023-01-23 01:01:44+03:00,2023-01-23 07:32:14+03:00,2,2023,1,January,Monday,23,4,01:01,07:32,350.24999999999994
2023-01-24,5.5744444444444445,2023-01-24 02:23:56+03:00,2023-01-24 03:04:11+03:00,2,2023,1,January,Tuesday,24,4,02:23,03:04,334.4666666666667
2023-01-25,5.099166666666667,2023-01-25 02:00:22+03:00,2023-01-25 04:37:39+03:00,2,2023,1,January,Wednesday,25,4,02:00,04:37,305.95000000000005
2023-01-26,4.123888888888889,2023-01-26 02:59:54+03:00,2023-01-26 04:43:02+03:00,2,2023,1,January,Thursday,26,4,02:59,04:43,247.43333333333334
2023-01-27,6.53,2023-01-27 01:28:14+03:00,2023-01-27 01:28:14+03:00,1,2023,1,January,Friday,27,4,01:28,01:28,391.8
2023-01-30,6.4725,2023-01-30 01:20:31+03:00,2023-01-30 03:50:43+03:00,2,2023,1,January,Monday,30,5,01:20,03:50,388.35
2023-01-31,6.030833333333334,2023-01-31 01:58:09+03:00,2023-01-31 01:58:09+03:00,1,2023,1,January,Tuesday,31,5,01:58,01:58,361.85
2023-02-01,5.4222222222222225,2023-02-01 02:34:40+03:00,2023-02-01 02:34:40+03:00,1,2023,2,February,Wednesday,1,5,02:34,02:34,325.33333333333337
2023-02-02,4.420277777777778,2023-02-02 03:34:48+03:00,2023-02-02 03:34:48+03:00,1,2023,2,February,Thursday,2,5,03:34,03:34,265.21666666666664
2023-02-03,5.091944444444445,2023-02-03 02:54:29+03:00,2023-02-03 02:54:29+03:00,1,2023,2,February,Friday,3,5,02:54,02:54,305.51666666666665
2023-02-06,5.611111111111111,2023-02-06 01:27:24+03:00,2023-02-06 01:27:24+03:00,1,2023,2,February,Monday,6,6,01:27,01:27,336.66666666666663
2023-02-07,5.724166666666667,2023-02-07 02:16:33+03:00,2023-02-07 02:16:33+03:00,1,2023,2,February,Tuesday,7,6,02:16,02:16,343.45000000000005
2023-02-08,5.1725,2023-02-08 02:49:40+03:00,2023-02-08 02:49:40+03:00,1,2023,2,February,Wednesday,8,6,02:49,02:49,310.35
2023-02-09,4.614444444444445,2023-02-09 03:23:08+03:00,2023-02-09 03:23:08+03:00,1,2023,2,February,Thursday,9,6,03:23,03:23,276.8666666666667
2023-02-10,5.8677777777777775,2023-02-10 02:07:56+03:00,2023-02-10 02:07:56+03:00,1,2023,2,February,Friday,10,6,02:07,02:07,352.06666666666666
2023-02-13,6.857777777777778,2023-02-13 01:08:34+03:00,2023-02-13 01:08:34+03:00,1,2023,2,February,Monday,13,7,01:08,01:08,411.46666666666664
2023-02-14,4.564722222222223,2023-02-14 02:12:48+03:00,2023-02-14 03:58:20+03:00,3,2023,2,February,Tuesday,14,7,02:12,03:58,273.8833333333333
2023-02-15,7.04111111111111,2023-02-15 00:55:00+03:00,2023-02-15 06:13:48+03:00,2,2023,2,February,Wednesday,15,7,00:55,06:13,422.46666666666664
2023-02-16,6.603611111111111,2023-02-16 01:23:47+03:00,2023-02-16 01:23:47+03:00,1,2023,2,February,Thursday,16,7,01:23,01:23,396.2166666666667
2023-02-17,6.171666666666667,2023-02-17 01:48:03+03:00,2023-02-17 03:07:23+03:00,2,2023,2,February,Friday,17,7,01:48,03:07,370.3
2023-02-20,6.5905555555555555,2023-02-20 01:24:36+03:00,2023-02-20 01:24:36+03:00,1,2023,2,February,Monday,20,8,01:24,01:24,395.43333333333334
2023-02-21,6.5441666666666665,2023-02-21 01:27:21+03:00,2023-02-21 01:27:21+03:00,1,2023,2,February,Tuesday,21,8,01:27,01:27,392.65
2023-02-22,4.8005555555555555,2023-02-22 03:11:58+03:00,2023-02-22 03:11:58+03:00,1,2023,2,February,Wednesday,22,8,03:11,03:11,288.0333333333333
2023-02-23,7.083333333333333,2023-02-23 00:55:00+03:00,2023-02-23 00:55:00+03:00,1,2023,2,February,Thursday,23,8,00:55,00:55,425.0
2023-02-24,6.772777777777778,2023-02-24 01:13:38+03:00,2023-02-24 01:13:38+03:00,1,2023,2,February,Friday,24,8,01:13,01:13,406.3666666666667
2023-02-27,6.131388888888889,2023-02-27 01:07:45+03:00,2023-02-27 06:29:25+03:00,2,2023,2,February,Monday,27,9,01:07,06:29,367.8833333333333
2023-02-28,7.048611111111111,2023-02-28 00:57:08+03:00,2023-02-28 00:57:08+03:00,1,2023,2,February,Tuesday,28,9,00:57,00:57,422.91666666666663
2023-03-01,6.636388888888889,2023-03-01 01:21:49+03:00,2023-03-01 01:21:49+03:00,1,2023,3,March,Wednesday,1,9,01:21,01:21,398.18333333333334
2023-03-02,6.5808333333333335,2023-03-02 01:25:10+03:00,2023-03-02 01:25:10+03:00,1,2023,3,March,Thursday,2,9,01:25,01:25,394.85
2023-03-03,6.985555555555556,2023-03-03 01:00:52+03:00,2023-03-03 01:00:52+03:00,1,2023,3,March,Friday,3,9,01:00,01:00,419.1333333333334
2023-03-06,6.025555555555556,2023-03-06 01:58:30+03:00,2023-03-06 01:58:30+03:00,1,2023,3,March,Monday,6,10,01:58,01:58,361.53333333333336
2023-03-07,5.471388888888889,2023-03-07 02:15:28+03:00,2023-03-07 03:32:28+03:00,3,2023,3,March,Tuesday,7,10,02:15,03:32,328.2833333333333
2023-03-08,6.473333333333334,2023-03-08 01:31:36+03:00,2023-03-08 01:31:36+03:00,1,2023,3,March,Wednesday,8,10,01:31,01:31,388.40000000000003
2023-03-09,6.978611111111111,2023-03-09 00:56:48+03:00,2023-03-09 00:56:48+03:00,1,2023,3,March,Thursday,9,10,00:56,00:56,418.7166666666667
2023-03-10,5.862222222222222,2023-03-10 01:56:11+03:00,2023-03-10 03:37:06+03:00,3,2023,3,March,Friday,10,10,01:56,03:37,351.73333333333335
2023-03-13,7.083333333333333,2023-03-13 00:55:00+03:00,2023-03-13 00:55:00+03:00,1,2023,3,March,Monday,13,11,00:55,00:55,425.0
2023-03-14,6.848611111111111,2023-03-14 01:09:05+03:00,2023-03-14 01:09:05+03:00,1,2023,3,March,Tuesday,14,11,01:09,01:09,410.9166666666667
2023-03-15,6.746111111111111,2023-03-15 01:15:14+03:00,2023-03-15 01:15:14+03:00,1,2023,3,March,Wednesday,15,11,01:15,01:15,404.7666666666667
2023-03-16,5.907777777777778,2023-03-16 01:57:32+03:00,2023-03-16 02:34:32+03:00,2,2023,3,March,Thursday,16,11,01:57,02:34,354.46666666666664
2023-03-17,7.049166666666666,2023-03-17 00:57:03+03:00,2023-03-17 00:57:03+03:00,1,2023,3,March,Friday,17,11,00:57,00:57,422.95
2023-03-20,6.5825,2023-03-20 01:25:03+03:00,2023-03-20 01:25:03+03:00,1,2023,3,March,Monday,20,12,01:25,01:25,394.95
2023-03-21,7.032777777777778,2023-03-21 00:56:04+03:00,2023-03-21 03:16:38+03:00,2,2023,3,March,Tuesday,21,12,00:56,03:16,421.96666666666664
2023-03-22,1.2419444444444445,2023-03-22 02:06:10+03:00,2023-03-22 02:06:10+03:00,1,2023,3,March,Wednesday,22,12,02:06,02:06,74.51666666666667
2023-03-23,7.040277777777778,2023-03-23 00:57:35+03:00,2023-03-23 00:57:35+03:00,1,2023,3,March,Thursday,23,12,00:57,00:57,422.4166666666667
2023-03-24,6.979444444444445,2023-03-24 01:01:14+03:00,2023-03-24 01:01:14+03:00,1,2023,3,March,Friday,24,12,01:01,01:01,418.7666666666667
2023-03-27,5.889444444444444,2023-03-27 02:06:38+03:00,2023-03-27 02:06:38+03:00,1,2023,3,March,Monday,27,13,02:06,02:06,353.3666666666666
2023-03-28,6.854722222222222,2023-03-28 00:55:00+03:00,2023-03-28 07:44:26+03:00,2,2023,3,March,Tuesday,28,13,00:55,07:44,411.2833333333333
2023-03-29,5.1675,2023-03-29 02:49:57+03:00,2023-03-29 02:49:57+03:00,1,2023,3,March,Wednesday,29,13,02:49,02:49,310.05
2023-03-30,7.083333333333333,2023-03-30 00:55:00+03:00,2023-03-30 00:55:00+03:00,1,2023,3,March,Thursday,30,13,00:55,00:55,425.0
2023-03-31,6.2275,2023-03-31 01:46:21+03:00,2023-03-31 01:46:21+03:00,1,2023,3,March,Friday,31,13,01:46,01:46,373.65
2023-04-03,6.628611111111111,2023-04-03 01:22:17+03:00,2023-04-03 01:22:17+03:00,1,2023,4,April,Monday,3,14,01:22,01:22,397.71666666666664
2023-04-04,7.083333333333333,2023-04-04 00:55:00+03:00,2023-04-04 00:55:00+03:00,1,2023,4,April,Tuesday,4,14,00:55,00:55,425.0
2023-04-05,6.5938888888888885,2023-04-05 00:55:00+03:00,2023-04-05 00:55:00+03:00,1,2023,4,April,Wednesday,5,14,00:55,00:55,395.6333333333333
2023-04-06,6.1625,2023-04-06 01:50:15+03:00,2023-04-06 01:50:15+03:00,1,2023,4,April,Thursday,6,14,01:50,01:50,369.75
2023-04-07,6.482777777777778,2023-04-07 01:31:02+03:00,2023-04-07 01:31:02+03:00,1,2023,4,April,Friday,7,14,01:31,01:31,388.96666666666664
2023-04-10,6.7525,2023-04-10 01:14:51+03:00,2023-04-10 01:14:51+03:00,1,2023,4,April,Monday,10,15,01:14,01:14,405.15000000000003
2023-04-11,6.003055555555555,2023-04-11 01:59:49+03:00,2023-04-11 01:59:49+03:00,1,2023,4,April,Tuesday,11,15,01:59,01:59,360.1833333333333
2023-04-12,6.408333333333333,2023-04-12 01:35:30+03:00,2023-04-12 01:35:30+03:00,1,2023,4,April,Wednesday,12,15,01:35,01:35,384.5
2023-04-13,7.083333333333333,2023-04-13 00:55:00+03:00,2023-04-13 00:55:00+03:00,1,2023,4,April,Thursday,13,15,00:55,00:55,425.0
2023-04-14,6.802777777777778,2023-04-14 01:11:50+03:00,2023-04-14 01:11:50+03:00,1,2023,4,April,Friday,14,15,01:11,01:11,408.1666666666667
2023-04-17,6.1475,2023-04-17 01:51:11+03:00,2023-04-17 01:51:11+03:00,1,2023,4,April,Monday,17,16,01:51,01:51,368.85
2023-04-18,5.700555555555556,2023-04-18 02:17:58+03:00,2023-04-18 02:17:58+03:00,1,2023,4,April,Tuesday,18,16,02:17,02:17,342.03333333333336
2023-04-19,5.645833333333333,2023-04-19 02:21:05+03:00,2023-04-19 07:32:20+03:00,2,2023,4,April,Wednesday,19,16,02:21,07:32,338.75
2023-04-20,5.953888888888889,2023-04-20 01:07:37+03:00,2023-04-20 03:42:17+03:00,2,2023,4,April,Thursday,20,16,01:07,03:42,357.23333333333335
2023-04-21,5.816111111111111,2023-04-21 02:11:02+03:00,2023-04-21 02:11:02+03:00,1,2023,4,April,Friday,21,16,02:11,02:11,348.96666666666664
2023-04-24,7.083333333333333,2023-04-24 00:55:00+03:00,2023-04-24 00:55:00+03:00,1,2023,4,April,Monday,24,17,00:55,00:55,425.0
2023-04-25,6.597777777777778,2023-04-25 01:24:08+03:00,2023-04-25 01:24:08+03:00,1,2023,4,April,Tuesday,25,17,01:24,01:24,395.8666666666667
2023-04-26,6.8805555555555555,2023-04-26 01:07:10+03:00,2023-04-26 01:07:10+03:00,1,2023,4,April,Wednesday,26,17,01:07,01:07,412.8333333333333
2023-04-27,5.993611111111111,2023-04-27 02:00:23+03:00,2023-04-27 02:00:23+03:00,1,2023,4,April,Thursday,27,17,02:00,02:00,359.6166666666667
2023-04-28,5.974722222222222,2023-04-28 02:01:33+03:00,2023-04-28 02:01:33+03:00,1,2023,4,April,Friday,28,17,02:01,02:01,358.4833333333333
2023-05-01,6.836111111111111,2023-05-01 01:09:50+03:00,2023-05-01 01:09:50+03:00,1,2023,5,May,Monday,1,18,01:09,01:09,410.1666666666667
2023-05-02,7.010555555555555,2023-05-02 00:59:22+03:00,2023-05-02 00:59:22+03:00,1,2023,5,May,Tuesday,2,18,00:59,00:59,420.6333333333333
2023-05-03,7.031944444444444,2023-05-03 00:58:05+03:00,2023-05-03 00:58:05+03:00,1,2023,5,May,Wednesday,3,18,00:58,00:58,421.91666666666663
2023-05-04,6.790277777777778,2023-05-04 01:12:35+03:00,2023-05-04 01:12:35+03:00,1,2023,5,May,Thursday,4,18,01:12,01:12,407.4166666666667
2023-05-05,6.8116666666666665,2023-05-05 01:11:18+03:00,2023-05-05 01:11:18+03:00,1,2023,5,May,Friday,5,18,01:11,01:11,408.7
2023-05-08,6.9825,2023-05-08 01:01:03+03:00,2023-05-08 01:01:03+03:00,1,2023,5,May,Monday,8,19,01:01,01:01,418.95
2023-05-09,5.805,2023-05-09 02:11:43+03:00,2023-05-09 02:11:43+03:00,1,2023,5,May,Tuesday,9,19,02:11,02:11,348.29999999999995
2023-05-10,5.721388888888889,2023-05-10 02:14:21+03:00,2023-05-10 02:47:36+03:00,2,2023,5,May,Wednesday,10,19,02:14,02:47,343.2833333333333
2023-05-11,5.802222222222222,2023-05-11 02:11:52+03:00,2023-05-11 02:11:52+03:00,1,2023,5,May,Thursday,11,19,02:11,02:11,348.1333333333333
2023-05-15,4.836388888888889,2023-05-15 03:09:51+03:00,2023-05-15 03:09:51+03:00,1,2023,5,May,Monday,15,20,03:09,03:09,290.18333333333334
2023-05-16,5.758611111111111,2023-05-16 02:14:29+03:00,2023-05-16 02:14:29+03:00,1,2023,5,May,Tuesday,16,20,02:14,02:14,345.51666666666665
2023-05-17,4.495833333333334,2023-05-17 03:00:44+03:00,2023-05-17 04:13:22+03:00,2,2023,5,May,Wednesday,17,20,03:00,04:13,269.75
2023-05-18,5.599166666666667,2023-05-18 02:24:03+03:00,2023-05-18 02:24:03+03:00,1,2023,5,May,Thursday,18,20,02:24,02:24,335.95000000000005
2023-05-19,5.523055555555556,2023-05-19 02:28:38+03:00,2023-05-19 02:28:38+03:00,1,2023,5,May,Friday,19,20,02:28,02:28,331.3833333333333
2023-05-22,7.083333333333333,2023-05-22 00:55:00+03:00,2023-05-22 00:55:00+03:00,1,2023,5,May,Monday,22,21,00:55,00:55,425.0
2023-05-23,5.6425,2023-05-23 02:21:27+03:00,2023-05-23 02:21:27+03:00,1,2023,5,May,Tuesday,23,21,02:21,02:21,338.55
2023-05-24,7.078611111111111,2023-05-24 00:55:00+03:00,2023-05-24 07:00:35+03:00,2,2023,5,May,Wednesday,24,21,00:55,07:00,424.71666666666664
2023-05-25,5.850555555555555,2023-05-25 02:08:58+03:00,2023-05-25 02:08:58+03:00,1,2023,5,May,Thursday,25,21,02:08,02:08,351.0333333333333
2023-05-26,5.354722222222222,2023-05-26 02:23:19+03:00,2023-05-26 03:15:22+03:00,2,2023,5,May,Friday,26,21,02:23,03:15,321.2833333333333
2023-05-29,5.389444444444444,2023-05-29 02:36:38+03:00,2023-05-29 02:36:38+03:00,1,2023,5,May,Monday,29,22,02:36,02:36,323.3666666666666
2023-05-30,5.3475,2023-05-30 02:38:51+03:00,2023-05-30 03:16:15+03:00,2,2023,5,May,Tuesday,30,22,02:38,03:16,320.85
2023-05-31,5.269166666666667,2023-05-31 02:43:51+03:00,2023-05-31 02:43:51+03:00,1,2023,5,May,Wednesday,31,22,02:43,02:43,316.15000000000003
2023-06-01,5.5777777777777775,2023-06-01 02:25:20+03:00,2023-06-01 02:25:20+03:00,1,2023,6,June,Thursday,1,22,02:25,02:25,334.66666666666663
2023-06-02,5.151388888888889,2023-06-02 02:15:57+03:00,2023-06-02 03:07:32+03:00,2,2023,6,June,Friday,2,22,02:15,03:07,309.0833333333333
2023-06-05,6.919722222222222,2023-06-05 00:55:00+03:00,2023-06-05 07:40:21+03:00,2,2023,6,June,Monday,5,23,00:55,07:40,415.18333333333334
2023-06-06,4.8469444444444445,2023-06-06 03:09:12+03:00,2023-06-06 03:09:12+03:00,1,2023,6,June,Tuesday,6,23,03:09,03:09,290.81666666666666
2023-06-07,3.946111111111111,2023-06-07 02:06:59+03:00,2023-06-07 06:01:02+03:00,3,2023,6,June,Wednesday,7,23,02:06,06:01,236.76666666666668
2023-06-08,5.592222222222222,2023-06-08 02:24:28+03:00,2023-06-08 02:24:28+03:00,1,2023,6,June,Thursday,8,23,02:24,02:24,335.53333333333336
2023-06-09,4.369166666666667,2023-06-09 02:05:32+03:00,2023-06-09 05:03:17+03:00,4,2023,6,June,Friday,9,23,02:05,05:03,262.15
2023-06-12,4.496666666666666,2023-06-12 02:31:13+03:00,2023-06-12 05:19:17+03:00,3,2023,6,June,Monday,12,24,02:31,05:19,269.79999999999995
2023-06-13,6.611666666666666,2023-06-13 01:20:46+03:00,2023-06-13 04:11:37+03:00,2,2023,6,June,Tuesday,13,24,01:20,04:11,396.7
2023-06-14,2.7558333333333334,2023-06-14 05:14:39+03:00,2023-06-14 05:14:39+03:00,1,2023,6,June,Wednesday,14,24,05:14,05:14,165.35
2023-06-15,5.345,2023-06-15 02:11:08+03:00,2023-06-15 07:44:43+03:00,5,2023,6,June,Thursday,15,24,02:11,07:44,320.7
2023-06-16,5.907777777777778,2023-06-16 02:05:33+03:00,2023-06-16 02:05:33+03:00,1,2023,6,June,Friday,16,24,02:05,02:05,354.46666666666664
2023-06-19,6.225,2023-06-19 01:44:36+03:00,2023-06-19 01:44:36+03:00,1,2023,6,June,Monday,19,25,01:44,01:44,373.5
2023-06-20,5.722222222222222,2023-06-20 02:16:40+03:00,2023-06-20 02:16:40+03:00,1,2023,6,June,Tuesday,20,25,02:16,02:16,343.3333333333333
2023-06-21,6.103888888888889,2023-06-21 01:53:46+03:00,2023-06-21 01:53:46+03:00,1,2023,6,June,Wednesday,21,25,01:53,01:53,366.23333333333335
2023-06-22,6.393055555555556,2023-06-22 01:34:07+03:00,2023-06-22 07:12:30+03:00,2,2023,6,June,Thursday,22,25,01:34,07:12,383.58333333333337
2023-06-23,4.955555555555556,2023-06-23 02:12:54+03:00,2023-06-23 02:12:54+03:00,1,2023,6,June,Friday,23,25,02:12,02:12,297.33333333333337
2023-06-26,5.120555555555556,2023-06-26 02:52:48+03:00,2023-06-26 02:52:48+03:00,1,2023,6,June,Monday,26,26,02:52,02:52,307.23333333333335
2023-06-27,6.5775,2023-06-27 00:55:00+03:00,2023-06-27 00:55:00+03:00,1,2023,6,June,Tuesday,27,26,00:55,00:55,394.65
2023-06-28,3.915,2023-06-28 02:17:08+03:00,2023-06-28 07:27:32+03:00,3,2023,6,June,Wednesday,28,26,02:17,07:27,234.9
2023-06-29,6.5472222222222225,2023-06-29 01:27:10+03:00,2023-06-29 01:27:10+03:00,1,2023,6,June,Thursday,29,26,01:27,01:27,392.83333333333337
2023-06-30,5.943888888888889,2023-06-30 01:41:32+03:00,2023-06-30 06:29:16+03:00,3,2023,6,June,Friday,30,26,01:41,06:29,356.6333333333333
2023-07-03,5.374444444444444,2023-07-03 02:37:03+03:00,2023-07-03 02:59:30+03:00,2,2023,7,July,Monday,3,27,02:37,02:59,322.46666666666664
2023-07-04,6.354444444444445,2023-07-04 01:38:44+03:00,2023-07-04 01:38:44+03:00,1,2023,7,July,Tuesday,4,27,01:38,01:38,381.2666666666667
2023-07-05,6.821944444444444,2023-07-05 01:09:57+03:00,2023-07-05 02:35:52+03:00,2,2023,7,July,Wednesday,5,27,01:09,02:35,409.31666666666666
2023-07-06,5.749444444444444,2023-07-06 02:15:02+03:00,2023-07-06 02:15:02+03:00,1,2023,7,July,Thursday,6,27,02:15,02:15,344.96666666666664
2023-07-07,7.020277777777777,2023-07-07 00:58:47+03:00,2023-07-07 00:58:47+03:00,1,2023,7,July,Friday,7,27,00:58,00:58,421.21666666666664
2023-07-10,5.505833333333333,2023-07-10 02:27:14+03:00,2023-07-10 06:33:57+03:00,2,2023,7,July,Monday,10,28,02:27,06:33,330.35
2023-07-11,6.984999999999999,2023-07-11 00:55:00+03:00,2023-07-11 02:36:16+03:00,2,2023,7,July,Tuesday,11,28,00:55,02:36,419.09999999999997
2023-07-12,7.083333333333333,2023-07-12 00:55:00+03:00,2023-07-12 00:55:00+03:00,1,2023,7,July,Wednesday,12,28,00:55,00:55,425.0
2023-07-13,6.3213888888888885,2023-07-13 01:25:12+03:00,2023-07-13 07:37:58+03:00,3,2023,7,July,Thursday,13,28,01:25,07:37,379.2833333333333
2023-07-14,5.9191666666666665,2023-07-14 02:02:25+03:00,2023-07-14 06:37:17+03:00,2,2023,7,July,Friday,14,28,02:02,06:37,355.15
2023-07-17,5.553333333333334,2023-07-17 02:15:40+03:00,2023-07-17 04:49:37+03:00,5,2023,7,July,Monday,17,29,02:15,04:49,333.20000000000005
2023-07-18,5.406666666666667,2023-07-18 02:00:00+03:00,2023-07-18 03:24:44+03:00,2,2023,7,July,Tuesday,18,29,02:00,03:24,324.40000000000003
2023-07-19,6.629444444444444,2023-07-19 01:09:13+03:00,2023-07-19 02:37:37+03:00,2,2023,7,July,Wednesday,19,29,01:09,02:37,397.76666666666665
2023-07-20,2.042777777777778,2023-07-20 00:55:00+03:00,2023-07-20 00:55:00+03:00,1,2023,7,July,Thursday,20,29,00:55,00:55,122.56666666666666
2023-07-21,7.083333333333333,2023-07-21 00:55:00+03:00,2023-07-21 00:55:00+03:00,1,2023,7,July,Friday,21,29,00:55,00:55,425.0
2023-07-24,6.919722222222222,2023-07-24 01:03:02+03:00,2023-07-24 05:26:34+03:00,2,2023,7,July,Monday,24,30,01:03,05:26,415.18333333333334
2023-07-25,7.083333333333333,2023-07-25 00:55:00+03:00,2023-07-25 00:55:00+03:00,1,2023,7,July,Tuesday,25,30,00:55,00:55,425.0
2023-07-26,7.083333333333333,2023-07-26 00:55:00+03:00,2023-07-26 00:55:00+03:00,1,2023,7,July,Wednesday,26,30,00:55,00:55,425.0
2023-07-27,6.711666666666667,2023-07-27 01:17:18+03:00,2023-07-27 01:17:18+03:00,1,2023,7,July,Thursday,27,30,01:17,01:17,402.7
2023-07-28,6.793333333333334,2023-07-28 00:55:00+03:00,2023-07-28 07:19:02+03:00,2,2023,7,July,Friday,28,30,00:55,07:19,407.6
2023-07-31,6.958333333333333,2023-07-31 01:02:30+03:00,2023-07-31 01:02:30+03:00,1,2023,7,July,Monday,31,31,01:02,01:02,417.5
2023-08-01,7.015555555555555,2023-08-01 00:59:04+03:00,2023-08-01 00:59:04+03:00,1,2023,8,August,Tuesday,1,31,00:59,00:59,420.93333333333334
2023-08-02,6.3213888888888885,2023-08-02 01:40:43+03:00,2023-08-02 01:40:43+03:00,1,2023,8,August,Wednesday,2,31,01:40,01:40,379.2833333333333
2023-08-03,7.068611111111111,2023-08-03 00:55:24+03:00,2023-08-03 06:33:49+03:00,2,2023,8,August,Thursday,3,31,00:55,06:33,424.1166666666667
2023-08-04,5.045555555555556,2023-08-04 00:55:00+03:00,2023-08-04 07:05:45+03:00,2,2023,8,August,Friday,4,31,00:55,07:05,302.73333333333335
2023-08-07,5.199166666666667,2023-08-07 02:48:05+03:00,2023-08-07 02:48:05+03:00,1,2023,8,August,Monday,7,32,02:48,02:48,311.95
2023-08-08,6.1161111111111115,2023-08-08 01:52:55+03:00,2023-08-08 02:46:33+03:00,2,2023,8,August,Tuesday,8,32,01:52,02:46,366.9666666666667
2023-08-09,4.743611111111111,2023-08-09 02:01:46+03:00,2023-08-09 04:52:58+03:00,4,2023,8,August,Wednesday,9,32,02:01,04:52,284.6166666666667
2023-08-10,5.829444444444444,2023-08-10 01:55:47+03:00,2023-08-10 04:29:57+03:00,2,2023,8,August,Thursday,10,32,01:55,04:29,349.76666666666665
2023-08-11,5.312777777777778,2023-08-11 01:52:56+03:00,2023-08-11 04:27:07+03:00,3,2023,8,August,Friday,11,32,01:52,04:27,318.76666666666665
2023-08-14,3.5036111111111112,2023-08-14 03:21:01+03:00,2023-08-14 07:19:45+03:00,6,2023,8,August,Monday,14,33,03:21,07:19,210.21666666666667
2023-08-15,4.934722222222222,2023-08-15 02:17:30+03:00,2023-08-15 07:29:09+03:00,3,2023,8,August,Tuesday,15,33,02:17,07:29,296.0833333333333
2023-08-16,4.852777777777778,2023-08-16 02:29:52+03:00,2023-08-16 03:52:52+03:00,2,2023,8,August,Wednesday,16,33,02:29,03:52,291.1666666666667
2023-08-17,7.072222222222223,2023-08-17 00:55:00+03:00,2023-08-17 07:42:28+03:00,2,2023,8,August,Thursday,17,33,00:55,07:42,424.33333333333337
2023-08-18,6.0875,2023-08-18 01:54:45+03:00,2023-08-18 01:54:45+03:00,1,2023,8,August,Friday,18,33,01:54,01:54,365.25
2023-08-21,6.6066666666666665,2023-08-21 01:23:36+03:00,2023-08-21 01:23:36+03:00,1,2023,8,August,Monday,21,34,01:23,01:23,396.4
2023-08-22,6.422777777777778,2023-08-22 01:34:38+03:00,2023-08-22 01:34:38+03:00,1,2023,8,August,Tuesday,22,34,01:34,01:34,385.3666666666667
2023-08-23,6.593333333333334,2023-08-23 01:24:26+03:00,2023-08-23 01:24:26+03:00,1,2023,8,August,Wednesday,23,34,01:24,01:24,395.6
2023-08-24,6.801111111111111,2023-08-24 01:11:56+03:00,2023-08-24 01:11:56+03:00,1,2023,8,August,Thursday,24,34,01:11,01:11,408.06666666666666
2023-08-25,5.501388888888889,2023-08-25 02:29:55+03:00,2023-08-25 02:29:55+03:00,1,2023,8,August,Friday,25,34,02:29,02:29,330.08333333333337
2023-08-28,4.854444444444445,2023-08-28 02:54:36+03:00,2023-08-28 03:24:35+03:00,2,2023,8,August,Monday,28,35,02:54,03:24,291.2666666666667
2023-08-29,6.877222222222223,2023-08-29 01:07:23+03:00,2023-08-29 01:07:23+03:00,1,2023,8,August,Tuesday,29,35,01:07,01:07,412.6333333333333
2023-08-30,4.580555555555556,2023-08-30 01:55:03+03:00,2023-08-30 06:42:15+03:00,5,2023,8,August,Wednesday,30,35,01:55,06:42,274.83333333333337
2023-08-31,5.415555555555556,2023-08-31 02:35:04+03:00,2023-08-31 02:35:04+03:00,1,2023,8,August,Thursday,31,35,02:35,02:35,324.93333333333334
2023-09-01,6.701388888888889,2023-09-01 01:17:55+03:00,2023-09-01 01:17:55+03:00,1,2023,9,September,Friday,1,35,01:17,01:17,402.08333333333337
2023-09-04,6.878611111111111,2023-09-04 01:06:22+03:00,2023-09-04 04:25:26+03:00,2,2023,9,September,Monday,4,36,01:06,04:25,412.71666666666664
2023-09-05,5.440277777777778,2023-09-05 02:33:36+03:00,2023-09-05 02:33:36+03:00,1,2023,9,September,Tuesday,5,36,02:33,02:33,326.4166666666667
2023-09-06,1.2216666666666667,2023-09-06 01:01:09+03:00,2023-09-06 01:01:09+03:00,1,2023,9,September,Wednesday,6,36,01:01,01:01,73.3
2023-09-07,6.019722222222223,2023-09-07 01:58:49+03:00,2023-09-07 01:58:49+03:00,1,2023,9,September,Thursday,7,36,01:58,01:58,361.18333333333334
2023-09-08,5.450277777777778,2023-09-08 02:32:59+03:00,2023-09-08 02:32:59+03:00,1,2023,9,September,Friday,8,36,02:32,02:32,327.01666666666665
2023-09-11,6.719444444444444,2023-09-11 01:55:00+03:00,2023-09-11 01:55:00+03:00,1,2023,9,September,Monday,11,37,01:55,01:55,403.16666666666663
2023-09-12,6.448888888888889,2023-09-12 02:19:44+03:00,2023-09-12 08:40:44+03:00,2,2023,9,September,Tuesday,12,37,02:19,08:40,386.93333333333334
2023-09-13,6.645555555555555,2023-09-13 02:06:18+03:00,2023-09-13 08:29:39+03:00,2,2023,9,September,Wednesday,13,37,02:06,08:29,398.7333333333333
2023-09-14,6.67,2023-09-14 02:19:48+03:00,2023-09-14 02:19:48+03:00,1,2023,9,September,Thursday,14,37,02:19,02:19,400.2
2023-09-15,5.310555555555556,2023-09-15 02:29:29+03:00,2023-09-15 08:07:55+03:00,4,2023,9,September,Friday,15,37,02:29,08:07,318.6333333333334
2023-09-18,7.083333333333333,2023-09-18 01:55:00+03:00,2023-09-18 01:55:00+03:00,1,2023,9,September,Monday,18,38,01:55,01:55,425.0
2023-09-19,5.241388888888888,2023-09-19 01:55:00+03:00,2023-09-19 06:11:24+03:00,4,2023,9,September,Tuesday,19,38,01:55,06:11,314.4833333333333
2023-09-20,7.083611111111111,2023-09-20 00:55:00+03:00,2023-09-20 00:55:00+03:00,1,2023,9,September,Wednesday,20,38,00:55,00:55,425.01666666666665
2023-09-21,3.863611111111111,2023-09-21 04:08:11+03:00,2023-09-21 04:08:11+03:00,1,2023,9,September,Thursday,21,38,04:08,04:08,231.81666666666666
2023-09-22,6.685833333333333,2023-09-22 01:18:51+03:00,2023-09-22 01:18:51+03:00,1,2023,9,September,Friday,22,38,01:18,01:18,401.15
2023-09-25,7.030833333333333,2023-09-25 00:55:00+03:00,2023-09-25 07:43:18+03:00,4,2023,9,September,Monday,25,39,00:55,07:43,421.84999999999997
2023-09-26,2.0324999999999998,2023-09-26 03:35:48+03:00,2023-09-26 06:46:48+03:00,3,2023,9,September,Tuesday,26,39,03:35,06:46,121.94999999999999
2023-09-27,7.071944444444444,2023-09-27 00:55:00+03:00,2023-09-27 07:00:07+03:00,2,2023,9,September,Wednesday,27,39,00:55,07:00,424.31666666666666
2023-09-28,5.2972222222222225,2023-09-28 02:01:10+03:00,2023-09-28 05:41:53+03:00,3,2023,9,September,Thursday,28,39,02:01,05:41,317.83333333333337
2023-09-29,6.854722222222223,2023-09-29 01:08:31+03:00,2023-09-29 07:02:02+03:00,2,2023,9,September,Friday,29,39,01:08,07:02,411.28333333333336
2023-10-02,7.083888888888889,2023-10-02 00:55:00+03:00,2023-10-02 00:55:00+03:00,1,2023,10,October,Monday,2,40,00:55,00:55,425.0333333333333
2023-10-03,5.816111111111111,2023-10-03 02:11:04+03:00,2023-10-03 02:11:04+03:00,1,2023,10,October,Tuesday,3,40,02:11,02:11,348.96666666666664
2023-10-04,7.083611111111111,2023-10-04 00:55:00+03:00,2023-10-04 00:55:00+03:00,1,2023,10,October,Wednesday,4,40,00:55,00:55,425.01666666666665
2023-10-05,7.04,2023-10-05 00:57:36+03:00,2023-10-05 00:57:36+03:00,1,2023,10,October,Thursday,5,40,00:57,00:57,422.4
2023-10-06,6.248611111111111,2023-10-06 01:45:05+03:00,2023-10-06 01:45:05+03:00,1,2023,10,October,Friday,6,40,01:45,01:45,374.91666666666663
2023-10-09,6.796388888888889,2023-10-09 01:12:15+03:00,2023-10-09 01:12:15+03:00,1,2023,10,October,Monday,9,41,01:12,01:12,407.78333333333336
2023-10-10,7.083333333333333,2023-10-10 00:55:00+03:00,2023-10-10 00:55:00+03:00,1,2023,10,October,Tuesday,10,41,00:55,00:55,425.0
2023-10-11,6.706666666666667,2023-10-11 01:17:36+03:00,2023-10-11 01:17:36+03:00,1,2023,10,October,Wednesday,11,41,01:17,01:17,402.40000000000003
2023-10-12,7.083611111111111,2023-10-12 00:55:00+03:00,2023-10-12 00:55:00+03:00,1,2023,10,October,Thursday,12,41,00:55,00:55,425.01666666666665
2023-10-13,7.083611111111111,2023-10-13 00:55:00+03:00,2023-10-13 00:55:00+03:00,1,2023,10,October,Friday,13,41,00:55,00:55,425.01666666666665
2023-10-16,6.972222222222222,2023-10-16 01:01:42+03:00,2023-10-16 01:01:42+03:00,1,2023,10,October,Monday,16,42,01:01,01:01,418.3333333333333
2023-10-17,6.042777777777777,2023-10-17 01:57:28+03:00,2023-10-17 01:57:28+03:00,1,2023,10,October,Tuesday,17,42,01:57,01:57,362.56666666666666
2023-10-18,7.033333333333333,2023-10-18 00:55:00+03:00,2023-10-18 05:47:55+03:00,2,2023,10,October,Wednesday,18,42,00:55,05:47,422.0
2023-10-19,7.083333333333333,2023-10-19 00:55:00+03:00,2023-10-19 00:55:00+03:00,1,2023,10,October,Thursday,19,42,00:55,00:55,425.0
2023-10-20,6.560277777777777,2023-10-20 01:26:23+03:00,2023-10-20 01:26:23+03:00,1,2023,10,October,Friday,20,42,01:26,01:26,393.6166666666667
2023-10-23,6.831388888888889,2023-10-23 01:05:30+03:00,2023-10-23 03:53:02+03:00,2,2023,10,October,Monday,23,43,01:05,03:53,409.8833333333333
2023-10-24,7.083333333333333,2023-10-24 00:55:00+03:00,2023-10-24 00:55:00+03:00,1,2023,10,October,Tuesday,24,43,00:55,00:55,425.0
2023-10-25,4.849166666666667,2023-10-25 01:34:29+03:00,2023-10-25 06:00:36+03:00,5,2023,10,October,Wednesday,25,43,01:34,06:00,290.95000000000005
2023-10-26,6.453611111111111,2023-10-26 01:32:47+03:00,2023-10-26 01:32:47+03:00,1,2023,10,October,Thursday,26,43,01:32,01:32,387.21666666666664
2023-10-27,6.423055555555556,2023-10-27 01:34:37+03:00,2023-10-27 01:34:37+03:00,1,2023,10,October,Friday,27,43,01:34,01:34,385.3833333333334
2023-10-30,6.205,2023-10-30 01:47:42+03:00,2023-10-30 01:47:42+03:00,1,2023,10,October,Monday,30,44,01:47,01:47,372.3
2023-10-31,7.083333333333333,2023-10-31 00:55:00+03:00,2023-10-31 00:55:00+03:00,1,2023,10,October,Tuesday,31,44,00:55,00:55,425.0
2023-11-01,5.748888888888889,2023-11-01 02:15:04+03:00,2023-11-01 02:15:04+03:00,1,2023,11,November,Wednesday,1,44,02:15,02:15,344.93333333333334
2023-11-02,6.090833333333333,2023-11-02 01:54:34+03:00,2023-11-02 01:54:34+03:00,1,2023,11,November,Thursday,2,44,01:54,01:54,365.45
2023-11-03,5.165,2023-11-03 02:06:51+03:00,2023-11-03 03:10:38+03:00,2,2023,11,November,Friday,3,44,02:06,03:10,309.9
2023-11-06,6.777777777777779,2023-11-06 01:11:03+03:00,2023-11-06 03:07:41+03:00,2,2023,11,November,Monday,6,45,01:11,03:07,406.66666666666674
2023-11-07,7.020555555555555,2023-11-07 00:58:46+03:00,2023-11-07 00:58:46+03:00,1,2023,11,November,Tuesday,7,45,00:58,00:58,421.2333333333333
2023-11-08,7.078888888888889,2023-11-08 00:55:00+03:00,2023-11-08 07:30:46+03:00,2,2023,11,November,Wednesday,8,45,00:55,07:30,424.73333333333335
2023-11-09,5.835555555555556,2023-11-09 02:09:52+03:00,2023-11-09 02:09:52+03:00,1,2023,11,November,Thursday,9,45,02:09,02:09,350.1333333333333
2023-11-10,6.488888888888889,2023-11-10 01:30:40+03:00,2023-11-10 01:30:40+03:00,1,2023,11,November,Friday,10,45,01:30,01:30,389.3333333333333
2023-11-13,7.083333333333333,2023-11-13 00:55:00+03:00,2023-11-13 00:55:00+03:00,1,2023,11,November,Monday,13,46,00:55,00:55,425.0
2023-11-14,6.599722222222222,2023-11-14 01:24:01+03:00,2023-11-14 01:24:01+03:00,1,2023,11,November,Tuesday,14,46,01:24,01:24,395.9833333333333
2023-11-15,6.3775,2023-11-15 01:34:07+03:00,2023-11-15 06:38:05+03:00,2,2023,11,November,Wednesday,15,46,01:34,06:38,382.65000000000003
2023-11-16,6.715277777777778,2023-11-16 01:17:05+03:00,2023-11-16 01:17:05+03:00,1,2023,11,November,Thursday,16,46,01:17,01:17,402.9166666666667
2023-11-17,5.5377777777777775,2023-11-17 02:04:10+03:00,2023-11-17 03:20:10+03:00,3,2023,11,November,Friday,17,46,02:04,03:20,332.26666666666665
2023-11-20,5.696111111111111,2023-11-20 02:17:04+03:00,2023-11-20 02:35:13+03:00,2,2023,11,November,Monday,20,47,02:17,02:35,341.76666666666665
2023-11-21,5.309722222222222,2023-11-21 02:41:26+03:00,2023-11-21 02:41:26+03:00,1,2023,11,November,Tuesday,21,47,02:41,02:41,318.5833333333333
2023-11-22,5.151388888888889,2023-11-22 02:36:16+03:00,2023-11-22 03:23:29+03:00,3,2023,11,November,Wednesday,22,47,02:36,03:23,309.0833333333333
2023-11-23,5.463055555555555,2023-11-23 02:18:20+03:00,2023-11-23 03:20:54+03:00,3,2023,11,November,Thursday,23,47,02:18,03:20,327.7833333333333
2023-11-24,6.8025,2023-11-24 01:11:42+03:00,2023-11-24 01:11:42+03:00,1,2023,11,November,Friday,24,47,01:11,01:11,408.15000000000003
2023-11-27,7.083333333333333,2023-11-27 00:55:00+03:00,2023-11-27 00:55:00+03:00,1,2023,11,November,Monday,27,48,00:55,00:55,425.0
2023-11-28,5.625277777777778,2023-11-28 01:43:50+03:00,2023-11-28 01:43:50+03:00,1,2023,11,November,Tuesday,28,48,01:43,01:43,337.51666666666665
2023-11-29,7.034722222222222,2023-11-29 00:57:55+03:00,2023-11-29 00:57:55+03:00,1,2023,11,November,Wednesday,29,48,00:57,00:57,422.0833333333333
2023-11-30,6.295555555555556,2023-11-30 01:36:39+03:00,2023-11-30 02:36:31+03:00,2,2023,11,November,Thursday,30,48,01:36,02:36,377.73333333333335
2023-12-01,5.095555555555556,2023-12-01 02:18:09+03:00,2023-12-01 03:28:51+03:00,3,2023,12,December,Friday,1,48,02:18,03:28,305.73333333333335
2023-12-04,6.743888888888889,2023-12-04 01:15:22+03:00,2023-12-04 01:15:22+03:00,1,2023,12,December,Monday,4,49,01:15,01:15,404.6333333333333
2023-12-05,6.91,2023-12-05 01:05:24+03:00,2023-12-05 01:05:24+03:00,1,2023,12,December,Tuesday,5,49,01:05,01:05,414.6
2023-12-06,5.485277777777778,2023-12-06 02:30:53+03:00,2023-12-06 02:30:53+03:00,1,2023,12,December,Wednesday,6,49,02:30,02:30,329.1166666666667
2023-12-07,5.554166666666666,2023-12-07 02:23:08+03:00,2023-12-07 02:51:09+03:00,2,2023,12,December,Thursday,7,49,02:23,02:51,333.25
2023-12-08,6.367222222222222,2023-12-08 01:31:49+03:00,2023-12-08 01:31:49+03:00,1,2023,12,December,Friday,8,49,01:31,01:31,382.0333333333333
2023-12-11,6.966666666666667,2023-12-11 01:02:00+03:00,2023-12-11 01:02:00+03:00,1,2023,12,December,Monday,11,50,01:02,01:02,418.0
2023-12-12,6.499444444444444,2023-12-12 01:30:02+03:00,2023-12-12 01:30:02+03:00,1,2023,12,December,Tuesday,12,50,01:30,01:30,389.96666666666664
2023-12-13,5.597222222222222,2023-12-13 02:24:10+03:00,2023-12-13 02:24:10+03:00,1,2023,12,December,Wednesday,13,50,02:24,02:24,335.8333333333333
2023-12-14,5.636111111111111,2023-12-14 02:15:52+03:00,2023-12-14 02:45:03+03:00,2,2023,12,December,Thursday,14,50,02:15,02:45,338.1666666666667
2023-12-15,6.932777777777778,2023-12-15 00:55:00+03:00,2023-12-15 00:55:00+03:00,1,2023,12,December,Friday,15,50,00:55,00:55,415.9666666666667
2023-12-18,5.848333333333334,2023-12-18 02:09:06+03:00,2023-12-18 02:09:06+03:00,1,2023,12,December,Monday,18,51,02:09,02:09,350.90000000000003
2023-12-19,5.5713888888888885,2023-12-19 02:25:44+03:00,2023-12-19 02:25:44+03:00,1,2023,12,December,Tuesday,19,51,02:25,02:25,334.2833333333333
2023-12-20,5.584444444444444,2023-12-20 02:16:28+03:00,2023-12-20 02:40:18+03:00,2,2023,12,December,Wednesday,20,51,02:16,02:40,335.06666666666666
2023-12-21,5.38,2023-12-21 02:15:49+03:00,2023-12-21 03:10:49+03:00,3,2023,12,December,Thursday,21,51,02:15,03:10,322.8
2023-12-22,5.575277777777778,2023-12-22 02:25:29+03:00,2023-12-22 02:25:29+03:00,1,2023,12,December,Friday,22,51,02:25,02:25,334.51666666666665
2023-12-25,5.13,2023-12-25 02:12:18+03:00,2023-12-25 03:09:39+03:00,2,2023,12,December,Monday,25,52,02:12,03:09,307.8
2023-12-26,6.630833333333333,2023-12-26 01:22:09+03:00,2023-12-26 01:22:09+03:00,1,2023,12,December,Tuesday,26,52,01:22,01:22,397.85
2023-12-27,6.006944444444445,2023-12-27 01:36:17+03:00,2023-12-27 03:07:50+03:00,2,2023,12,December,Wednesday,27,52,01:36,03:07,360.4166666666667
2023-12-28,5.754166666666667,2023-12-28 02:10:19+03:00,2023-12-28 02:53:44+03:00,2,2023,12,December,Thursday,28,52,02:10,02:53,345.25000000000006
2023-12-29,5.787222222222222,2023-12-29 02:12:46+03:00,2023-12-29 02:12:46+03:00,1,2023,12,December,Friday,29,52,02:12,02:12,347.2333333333333
2024-01-01,5.3875,2024-01-01 02:36:47+03:00,2024-01-01 02:36:47+03:00,1,2024,1,January,Monday,1,1,02:36,02:36,323.25
2024-01-02,2.285,2024-01-02 01:50:33+03:00,2024-01-02 06:08:45+03:00,4,2024,1,January,Tuesday,2,1,01:50,06:08,137.10000000000002
2024-01-03,6.210277777777778,2024-01-03 01:46:03+03:00,2024-01-03 04:03:04+03:00,2,2024,1,January,Wednesday,3,1,01:46,04:03,372.6166666666667
2024-01-04,5.9,2024-01-04 02:06:00+03:00,2024-01-04 02:06:00+03:00,1,2024,1,January,Thursday,4,1,02:06,02:06,354.0
2024-01-05,5.2091666666666665,2024-01-05 02:17:50+03:00,2024-01-05 03:03:31+03:00,2,2024,1,January,Friday,5,1,02:17,03:03,312.55
2024-01-08,6.92,2024-01-08 00:55:00+03:00,2024-01-08 00:55:00+03:00,1,2024,1,January,Monday,8,2,00:55,00:55,415.2
2024-01-09,5.7316666666666665,2024-01-09 02:16:06+03:00,2024-01-09 02:16:06+03:00,1,2024,1,January,Tuesday,9,2,02:16,02:16,343.9
2024-01-10,5.973888888888889,2024-01-10 02:01:34+03:00,2024-01-10 02:01:34+03:00,1,2024,1,January,Wednesday,10,2,02:01,02:01,358.43333333333334
2024-01-11,6.075,2024-01-11 01:55:30+03:00,2024-01-11 01:55:30+03:00,1,2024,1,January,Thursday,11,2,01:55,01:55,364.5
2024-01-12,5.296666666666667,2024-01-12 02:05:42+03:00,2024-01-12 03:12:15+03:00,2,2024,1,January,Friday,12,2,02:05,03:12,317.8
2024-01-15,5.226666666666667,2024-01-15 02:46:25+03:00,2024-01-15 02:46:25+03:00,1,2024,1,January,Monday,15,3,02:46,02:46,313.6
2024-01-16,6.113055555555556,2024-01-16 01:53:12+03:00,2024-01-16 03:36:01+03:00,2,2024,1,January,Tuesday,16,3,01:53,03:36,366.78333333333336
2024-01-17,5.960833333333333,2024-01-17 02:02:21+03:00,2024-01-17 02:02:21+03:00,1,2024,1,January,Wednesday,17,3,02:02,02:02,357.65
2024-01-18,5.155555555555555,2024-01-18 02:20:22+03:00,2024-01-18 03:58:45+03:00,3,2024,1,January,Thursday,18,3,02:20,03:58,309.3333333333333
2024-01-19,5.839722222222222,2024-01-19 02:09:37+03:00,2024-01-19 02:09:37+03:00,1,2024,1,January,Friday,19,3,02:09,02:09,350.3833333333333
2024-01-22,5.52,2024-01-22 01:56:32+03:00,2024-01-22 07:09:15+03:00,2,2024,1,January,Monday,22,4,01:56,07:09,331.2
2024-01-23,5.908888888888889,2024-01-23 02:05:28+03:00,2024-01-23 02:05:28+03:00,1,2024,1,January,Tuesday,23,4,02:05,02:05,354.5333333333333
2024-01-24,5.849166666666667,2024-01-24 02:09:03+03:00,2024-01-24 02:09:03+03:00,1,2024,1,January,Wednesday,24,4,02:09,02:09,350.95000000000005
2024-01-25,7.083333333333333,2024-01-25 00:55:00+03:00,2024-01-25 00:55:00+03:00,1,2024,1,January,Thursday,25,4,00:55,00:55,425.0
2024-01-26,6.126388888888889,2024-01-26 01:52:25+03:00,2024-01-26 01:52:25+03:00,1,2024,1,January,Friday,26,4,01:52,01:52,367.58333333333337
2024-01-29,6.826388888888889,2024-01-29 01:07:03+03:00,2024-01-29 02:25:48+03:00,2,2024,1,January,Monday,29,5,01:07,02:25,409.58333333333337
2024-01-30,5.122222222222222,2024-01-30 02:52:40+03:00,2024-01-30 02:52:40+03:00,1,2024,1,January,Tuesday,30,5,02:52,02:52,307.3333333333333
2024-01-31,6.429722222222222,2024-01-31 01:34:15+03:00,2024-01-31 01:34:15+03:00,1,2024,1,January,Wednesday,31,5,01:34,01:34,385.7833333333333
2024-02-01,5.3838888888888885,2024-02-01 02:36:58+03:00,2024-02-01 02:36:58+03:00,1,2024,2,February,Thursday,1,5,02:36,02:36,323.0333333333333
2024-02-02,5.448333333333333,2024-02-02 02:33:06+03:00,2024-02-02 02:33:06+03:00,1,2024,2,February,Friday,2,5,02:33,02:33,326.9
2024-02-05,6.497777777777777,2024-02-05 01:30:10+03:00,2024-02-05 01:30:10+03:00,1,2024,2,February,Monday,5,6,01:30,01:30,389.8666666666667
2024-02-06,6.216388888888889,2024-02-06 01:42:23+03:00,2024-02-06 03:09:29+03:00,2,2024,2,February,Tuesday,6,6,01:42,03:09,372.98333333333335
2024-02-07,5.183611111111111,2024-02-07 02:48:59+03:00,2024-02-07 02:48:59+03:00,1,2024,2,February,Wednesday,7,6,02:48,02:48,311.0166666666667
2024-02-08,5.094444444444444,2024-02-08 02:05:14+03:00,2024-02-08 03:53:15+03:00,3,2024,2,February,Thursday,8,6,02:05,03:53,305.66666666666663
2024-02-09,2.236944444444444,2024-02-09 04:46:23+03:00,2024-02-09 07:37:25+03:00,3,2024,2,February,Friday,9,6,04:46,07:37,134.21666666666664
2024-02-12,5.769444444444444,2024-02-12 01:34:13+03:00,2024-02-12 06:02:22+03:00,5,2024,2,February,Monday,12,7,01:34,06:02,346.16666666666663
2024-02-13,6.648611111111111,2024-02-13 01:21:05+03:00,2024-02-13 01:21:05+03:00,1,2024,2,February,Tuesday,13,7,01:21,01:21,398.9166666666667
2024-02-14,5.869722222222222,2024-02-14 02:00:35+03:00,2024-02-14 02:49:39+03:00,2,2024,2,February,Wednesday,14,7,02:00,02:49,352.18333333333334
2024-02-15,7.083333333333333,2024-02-15 00:55:00+03:00,2024-02-15 00:55:00+03:00,1,2024,2,February,Thursday,15,7,00:55,00:55,425.0
2024-02-16,6.000555555555556,2024-02-16 01:59:58+03:00,2024-02-16 01:59:58+03:00,1,2024,2,February,Friday,16,7,01:59,01:59,360.03333333333336
2024-02-19,6.205555555555556,2024-02-19 01:47:41+03:00,2024-02-19 01:47:41+03:00,1,2024,2,February,Monday,19,8,01:47,01:47,372.33333333333337
2024-02-20,7.083333333333333,2024-02-20 00:55:00+03:00,2024-02-20 00:55:00+03:00,1,2024,2,February,Tuesday,20,8,00:55,00:55,425.0
2024-02-21,5.924166666666666,2024-02-21 02:04:34+03:00,2024-02-21 02:04:34+03:00,1,2024,2,February,Wednesday,21,8,02:04,02:04,355.45
2024-02-22,6.781666666666666,2024-02-22 01:13:06+03:00,2024-02-22 01:13:06+03:00,1,2024,2,February,Thursday,22,8,01:13,01:13,406.9
2024-02-23,6.4275,2024-02-23 01:34:21+03:00,2024-02-23 01:34:21+03:00,1,2024,2,February,Friday,23,8,01:34,01:34,385.65000000000003
2024-02-26,7.024444444444445,2024-02-26 00:57:53+03:00,2024-02-26 02:49:59+03:00,2,2024,2,February,Monday,26,9,00:57,02:49,421.4666666666667
2024-02-27,7.083333333333333,2024-02-27 00:55:00+03:00,2024-02-27 00:55:00+03:00,1,2024,2,February,Tuesday,27,9,00:55,00:55,425.0
2024-02-28,6.924722222222222,2024-02-28 00:55:00+03:00,2024-02-28 00:55:00+03:00,1,2024,2,February,Wednesday,28,9,00:55,00:55,415.48333333333335
2024-02-29,5.888055555555556,2024-02-29 02:06:43+03:00,2024-02-29 02:06:43+03:00,1,2024,2,February,Thursday,29,9,02:06,02:06,353.28333333333336
2024-03-01,6.6561111111111115,2024-03-01 01:20:39+03:00,2024-03-01 01:20:39+03:00,1,2024,3,March,Friday,1,9,01:20,01:20,399.3666666666667
2024-03-04,6.857222222222222,2024-03-04 01:08:36+03:00,2024-03-04 01:08:36+03:00,1,2024,3,March,Monday,4,10,01:08,01:08,411.43333333333334
2024-03-05,5.786388888888889,2024-03-05 02:12:49+03:00,2024-03-05 02:12:49+03:00,1,2024,3,March,Tuesday,5,10,02:12,02:12,347.18333333333334
2024-03-06,6.8758333333333335,2024-03-06 01:07:28+03:00,2024-03-06 01:07:28+03:00,1,2024,3,March,Wednesday,6,10,01:07,01:07,412.55
2024-03-07,5.4525,2024-03-07 02:03:27+03:00,2024-03-07 07:08:54+03:00,3,2024,3,March,Thursday,7,10,02:03,07:08,327.15
2024-03-08,7.0488888888888885,2024-03-08 00:55:00+03:00,2024-03-08 00:55:00+03:00,1,2024,3,March,Friday,8,10,00:55,00:55,422.93333333333334
2024-03-11,7.083333333333333,2024-03-11 00:55:00+03:00,2024-03-11 00:55:00+03:00,1,2024,3,March,Monday,11,11,00:55,00:55,425.0
2024-03-12,5.894722222222223,2024-03-12 02:06:19+03:00,2024-03-12 02:06:19+03:00,1,2024,3,March,Tuesday,12,11,02:06,02:06,353.68333333333334
2024-03-13,6.258055555555556,2024-03-13 01:44:31+03:00,2024-03-13 01:44:31+03:00,1,2024,3,March,Wednesday,13,11,01:44,01:44,375.48333333333335
2024-03-14,7.083333333333333,2024-03-14 00:55:00+03:00,2024-03-14 00:55:00+03:00,1,2024,3,March,Thursday,14,11,00:55,00:55,425.0
2024-03-15,7.083611111111111,2024-03-15 00:55:00+03:00,2024-03-15 00:55:00+03:00,1,2024,3,March,Friday,15,11,00:55,00:55,425.01666666666665
2024-03-18,6.95,2024-03-18 01:03:00+03:00,2024-03-18 01:03:00+03:00,1,2024,3,March,Monday,18,12,01:03,01:03,417.0
2024-03-19,7.075277777777778,2024-03-19 00:55:29+03:00,2024-03-19 00:55:29+03:00,1,2024,3,March,Tuesday,19,12,00:55,00:55,424.51666666666665
2024-03-20,6.504166666666666,2024-03-20 01:29:45+03:00,2024-03-20 01:29:45+03:00,1,2024,3,March,Wednesday,20,12,01:29,01:29,390.25
2024-03-21,5.651111111111111,2024-03-21 02:20:56+03:00,2024-03-21 02:20:56+03:00,1,2024,3,March,Thursday,21,12,02:20,02:20,339.06666666666666
2024-03-22,6.382777777777778,2024-03-22 01:37:02+03:00,2024-03-22 01:37:02+03:00,1,2024,3,March,Friday,22,12,01:37,01:37,382.9666666666667
2024-03-25,6.030277777777778,2024-03-25 01:58:11+03:00,2024-03-25 01:58:11+03:00,1,2024,3,March,Monday,25,13,01:58,01:58,361.81666666666666
2024-03-26,6.080277777777778,2024-03-26 01:55:11+03:00,2024-03-26 01:55:11+03:00,1,2024,3,March,Tuesday,26,13,01:55,01:55,364.81666666666666
2024-03-27,5.435833333333333,2024-03-27 02:33:51+03:00,2024-03-27 02:33:51+03:00,1,2024,3,March,Wednesday,27,13,02:33,02:33,326.15
2024-03-28,5.439722222222223,2024-03-28 01:57:05+03:00,2024-03-28 03:11:53+03:00,3,2024,3,March,Thursday,28,13,01:57,03:11,326.3833333333333
2024-03-29,6.522222222222222,2024-03-29 01:28:40+03:00,2024-03-29 01:28:40+03:00,1,2024,3,March,Friday,29,13,01:28,01:28,391.3333333333333
2024-04-01,7.083888888888889,2024-04-01 00:55:00+03:00,2024-04-01 00:55:00+03:00,1,2024,4,April,Monday,1,14,00:55,00:55,425.0333333333333
2024-04-02,7.019444444444445,2024-04-02 00:58:12+03:00,2024-04-02 07:28:57+03:00,2,2024,4,April,Tuesday,2,14,00:58,07:28,421.1666666666667
2024-04-03,7.083333333333333,2024-04-03 00:55:00+03:00,2024-04-03 00:55:00+03:00,1,2024,4,April,Wednesday,3,14,00:55,00:55,425.0
2024-04-04,6.92,2024-04-04 01:04:49+03:00,2024-04-04 01:04:49+03:00,1,2024,4,April,Thursday,4,14,01:04,01:04,415.2
2024-04-05,6.547777777777778,2024-04-05 01:27:08+03:00,2024-04-05 01:27:08+03:00,1,2024,4,April,Friday,5,14,01:27,01:27,392.8666666666667
2024-04-08,6.665555555555556,2024-04-08 01:20:06+03:00,2024-04-08 01:20:06+03:00,1,2024,4,April,Monday,8,15,01:20,01:20,399.93333333333334
2024-04-09,7.083333333333333,2024-04-09 00:55:00+03:00,2024-04-09 00:55:00+03:00,1,2024,4,April,Tuesday,9,15,00:55,00:55,425.0
2024-04-10,6.880833333333333,2024-04-10 00:55:00+03:00,2024-04-10 02:45:40+03:00,2,2024,4,April,Wednesday,10,15,00:55,02:45,412.85
2024-04-11,6.416111111111111,2024-04-11 01:35:03+03:00,2024-04-11 01:35:03+03:00,1,2024,4,April,Thursday,11,15,01:35,01:35,384.9666666666667
2024-04-12,5.38,2024-04-12 02:37:12+03:00,2024-04-12 02:37:12+03:00,1,2024,4,April,Friday,12,15,02:37,02:37,322.8
2024-04-15,7.083888888888889,2024-04-15 00:55:00+03:00,2024-04-15 00:55:00+03:00,1,2024,4,April,Monday,15,16,00:55,00:55,425.0333333333333
2024-04-16,6.7572222222222225,2024-04-16 01:14:34+03:00,2024-04-16 01:14:34+03:00,1,2024,4,April,Tuesday,16,16,01:14,01:14,405.43333333333334
2024-04-17,7.083333333333333,2024-04-17 00:55:00+03:00,2024-04-17 00:55:00+03:00,1,2024,4,April,Wednesday,17,16,00:55,00:55,425.0
2024-04-18,6.881388888888889,2024-04-18 01:07:07+03:00,2024-04-18 01:07:07+03:00,1,2024,4,April,Thursday,18,16,01:07,01:07,412.8833333333333
2024-04-19,5.265000000000001,2024-04-19 02:06:44+03:00,2024-04-19 03:58:12+03:00,4,2024,4,April,Friday,19,16,02:06,03:58,315.90000000000003
2024-04-22,7.083333333333333,2024-04-22 00:55:00+03:00,2024-04-22 00:55:00+03:00,1,2024,4,April,Monday,22,17,00:55,00:55,425.0
2024-04-23,4.763888888888889,2024-04-23 03:14:10+03:00,2024-04-23 03:14:10+03:00,1,2024,4,April,Tuesday,23,17,03:14,03:14,285.83333333333337
2024-04-24,6.765555555555555,2024-04-24 01:14:04+03:00,2024-04-24 01:14:04+03:00,1,2024,4,April,Wednesday,24,17,01:14,01:14,405.93333333333334
2024-04-25,6.501111111111111,2024-04-25 01:29:56+03:00,2024-04-25 01:29:56+03:00,1,2024,4,April,Thursday,25,17,01:29,01:29,390.06666666666666
2024-04-26,5.9911111111111115,2024-04-26 02:00:32+03:00,2024-04-26 02:00:32+03:00,1,2024,4,April,Friday,26,17,02:00,02:00,359.4666666666667
2024-04-29,7.040277777777778,2024-04-29 00:57:35+03:00,2024-04-29 00:57:35+03:00,1,2024,4,April,Monday,29,18,00:57,00:57,422.4166666666667
2024-04-30,6.602222222222222,2024-04-30 01:23:53+03:00,2024-04-30 01:23:53+03:00,1,2024,4,April,Tuesday,30,18,01:23,01:23,396.1333333333333
2024-05-01,6.059722222222222,2024-05-01 01:56:25+03:00,2024-05-01 01:56:25+03:00,1,2024,5,May,Wednesday,1,18,01:56,01:56,363.5833333333333
2024-05-02,6.104444444444445,2024-05-02 01:53:44+03:00,2024-05-02 01:53:44+03:00,1,2024,5,May,Thursday,2,18,01:53,01:53,366.2666666666667
2024-05-03,6.1322222222222225,2024-05-03 01:52:06+03:00,2024-05-03 01:52:06+03:00,1,2024,5,May,Friday,3,18,01:52,01:52,367.93333333333334
2024-05-06,5.293611111111111,2024-05-06 02:23:33+03:00,2024-05-06 04:35:47+03:00,4,2024,5,May,Monday,6,19,02:23,04:35,317.6166666666667
2024-05-07,5.9255555555555555,2024-05-07 02:04:28+03:00,2024-05-07 02:04:28+03:00,1,2024,5,May,Tuesday,7,19,02:04,02:04,355.5333333333333
2024-05-08,6.3661111111111115,2024-05-08 01:38:02+03:00,2024-05-08 01:38:02+03:00,1,2024,5,May,Wednesday,8,19,01:38,01:38,381.9666666666667
2024-05-09,7.083333333333333,2024-05-09 00:55:00+03:00,2024-05-09 00:55:00+03:00,1,2024,5,May,Thursday,9,19,00:55,00:55,425.0
2024-05-10,3.7086111111111113,2024-05-10 02:14:56+03:00,2024-05-10 04:36:06+03:00,2,2024,5,May,Friday,10,19,02:14,04:36,222.51666666666668
2024-05-13,6.3875,2024-05-13 01:07:29+03:00,2024-05-13 01:07:29+03:00,1,2024,5,May,Monday,13,20,01:07,01:07,383.25
2024-05-14,5.565277777777778,2024-05-14 02:26:05+03:00,2024-05-14 02:26:05+03:00,1,2024,5,May,Tuesday,14,20,02:26,02:26,333.9166666666667
2024-05-15,6.633611111111111,2024-05-15 01:21:59+03:00,2024-05-15 01:21:59+03:00,1,2024,5,May,Wednesday,15,20,01:21,01:21,398.01666666666665
2024-05-16,6.287222222222222,2024-05-16 01:42:18+03:00,2024-05-16 03:02:28+03:00,2,2024,5,May,Thursday,16,20,01:42,03:02,377.2333333333333
2024-05-17,4.923333333333333,2024-05-17 02:24:43+03:00,2024-05-17 04:13:02+03:00,4,2024,5,May,Friday,17,20,02:24,04:13,295.4
2024-05-20,6.701388888888889,2024-05-20 01:17:56+03:00,2024-05-20 01:17:56+03:00,1,2024,5,May,Monday,20,21,01:17,01:17,402.08333333333337
2024-05-21,6.099166666666667,2024-05-21 01:54:03+03:00,2024-05-21 01:54:03+03:00,1,2024,5,May,Tuesday,21,21,01:54,01:54,365.95000000000005
2024-05-22,6.488333333333333,2024-05-22 01:30:42+03:00,2024-05-22 01:30:42+03:00,1,2024,5,May,Wednesday,22,21,01:30,01:30,389.3
2024-05-23,5.649444444444445,2024-05-23 02:21:02+03:00,2024-05-23 02:21:02+03:00,1,2024,5,May,Thursday,23,21,02:21,02:21,338.9666666666667
2024-05-24,6.705277777777778,2024-05-24 01:17:41+03:00,2024-05-24 01:17:41+03:00,1,2024,5,May,Friday,24,21,01:17,01:17,402.31666666666666
2024-05-27,6.711666666666667,2024-05-27 01:17:20+03:00,2024-05-27 01:17:20+03:00,1,2024,5,May,Monday,27,22,01:17,01:17,402.7
2024-05-28,5.8405555555555555,2024-05-28 02:09:35+03:00,2024-05-28 02:09:35+03:00,1,2024,5,May,Tuesday,28,22,02:09,02:09,350.43333333333334
2024-05-29,5.585555555555555,2024-05-29 02:12:33+03:00,2024-05-29 03:09:20+03:00,3,2024,5,May,Wednesday,29,22,02:12,03:09,335.13333333333327
2024-05-30,5.403888888888889,2024-05-30 02:26:07+03:00,2024-05-30 02:26:07+03:00,1,2024,5,May,Thursday,30,22,02:26,02:26,324.23333333333335
2024-05-31,5.763333333333334,2024-05-31 02:08:28+03:00,2024-05-31 02:56:33+03:00,3,2024,5,May,Friday,31,22,02:08,02:56,345.8
2024-06-03,6.628888888888889,2024-06-03 01:22:16+03:00,2024-06-03 01:22:16+03:00,1,2024,6,June,Monday,3,23,01:22,01:22,397.7333333333333
2024-06-04,5.314166666666667,2024-06-04 02:11:07+03:00,2024-06-04 03:00:19+03:00,2,2024,6,June,Tuesday,4,23,02:11,03:00,318.85
2024-06-05,5.549722222222222,2024-06-05 02:09:51+03:00,2024-06-05 04:30:32+03:00,5,2024,6,June,Wednesday,5,23,02:09,04:30,332.98333333333335
2024-06-06,6.365833333333334,2024-06-06 01:38:03+03:00,2024-06-06 01:38:03+03:00,1,2024,6,June,Thursday,6,23,01:38,01:38,381.95000000000005
2024-06-07,4.7575,2024-06-07 02:06:29+03:00,2024-06-07 03:40:14+03:00,2,2024,6,June,Friday,7,23,02:06,03:40,285.45000000000005
2024-06-10,5.877222222222223,2024-06-10 02:07:08+03:00,2024-06-10 04:15:55+03:00,3,2024,6,June,Monday,10,24,02:07,04:15,352.6333333333333
2024-06-11,5.422777777777778,2024-06-11 02:22:58+03:00,2024-06-11 04:01:34+03:00,3,2024,6,June,Tuesday,11,24,02:22,04:01,325.3666666666667
2024-06-12,5.638611111111111,2024-06-12 02:06:57+03:00,2024-06-12 03:30:47+03:00,3,2024,6,June,Wednesday,12,24,02:06,03:30,338.3166666666666
2024-06-13,5.758055555555556,2024-06-13 02:14:31+03:00,2024-06-13 02:14:31+03:00,1,2024,6,June,Thursday,13,24,02:14,02:14,345.48333333333335
2024-06-14,6.349722222222222,2024-06-14 01:38:58+03:00,2024-06-14 07:27:41+03:00,2,2024,6,June,Friday,14,24,01:38,07:27,380.9833333333333
2024-06-17,6.556111111111111,2024-06-17 01:26:40+03:00,2024-06-17 01:26:40+03:00,1,2024,6,June,Monday,17,25,01:26,01:26,393.3666666666667
2024-06-18,5.828611111111112,2024-06-18 02:03:43+03:00,2024-06-18 02:26:48+03:00,2,2024,6,June,Tuesday,18,25,02:03,02:26,349.7166666666667
2024-06-19,2.8308333333333335,2024-06-19 04:12:32+03:00,2024-06-19 06:30:24+03:00,3,2024,6,June,Wednesday,19,25,04:12,06:30,169.85000000000002
2024-06-20,5.329722222222222,2024-06-20 00:55:00+03:00,2024-06-20 07:27:42+03:00,6,2024,6,June,Thursday,20,25,00:55,07:27,319.78333333333336
2024-06-21,7.067222222222222,2024-06-21 01:55:00+03:00,2024-06-21 07:33:29+03:00,2,2024,6,June,Friday,21,25,01:55,07:33,424.0333333333333
2024-06-24,6.302777777777777,2024-06-24 01:55:00+03:00,2024-06-24 08:43:42+03:00,3,2024,6,June,Monday,24,26,01:55,08:43,378.16666666666663
2024-06-25,6.1305555555555555,2024-06-25 01:55:00+03:00,2024-06-25 07:33:23+03:00,2,2024,6,June,Tuesday,25,26,01:55,07:33,367.8333333333333
2024-06-26,6.261388888888889,2024-06-26 02:43:48+03:00,2024-06-26 08:20:04+03:00,2,2024,6,June,Wednesday,26,26,02:43,08:20,375.68333333333334
2024-06-27,6.325277777777778,2024-06-27 02:40:29+03:00,2024-06-27 02:40:29+03:00,1,2024,6,June,Thursday,27,26,02:40,02:40,379.51666666666665
2024-06-28,2.4094444444444445,2024-06-28 05:35:27+03:00,2024-06-28 05:35:27+03:00,1,2024,6,June,Friday,28,26,05:35,05:35,144.56666666666666
2024-07-01,5.133333333333333,2024-07-01 00:55:00+03:00,2024-07-01 07:20:15+03:00,2,2024,7,July,Monday,1,27,00:55,07:20,308.0
2024-07-02,5.370833333333333,2024-07-02 00:55:00+03:00,2024-07-02 07:43:20+03:00,3,2024,7,July,Tuesday,2,27,00:55,07:43,322.24999999999994
2024-07-03,6.097777777777778,2024-07-03 00:55:00+03:00,2024-07-03 07:37:40+03:00,3,2024,7,July,Wednesday,3,27,00:55,07:37,365.8666666666667
2024-07-04,7.083333333333333,2024-07-04 00:55:00+03:00,2024-07-04 00:55:00+03:00,1,2024,7,July,Thursday,4,27,00:55,00:55,425.0
2024-07-05,6.676111111111111,2024-07-05 01:19:26+03:00,2024-07-05 01:19:26+03:00,1,2024,7,July,Friday,5,27,01:19,01:19,400.56666666666666
2024-07-08,5.636666666666667,2024-07-08 02:21:00+03:00,2024-07-08 06:28:56+03:00,2,2024,7,July,Monday,8,28,02:21,06:28,338.2
2024-07-09,5.796944444444445,2024-07-09 02:12:11+03:00,2024-07-09 02:12:11+03:00,1,2024,7,July,Tuesday,9,28,02:12,02:12,347.81666666666666
2024-07-10,5.479444444444445,2024-07-10 00:55:00+03:00,2024-07-10 07:32:38+03:00,3,2024,7,July,Wednesday,10,28,00:55,07:32,328.7666666666667
2024-07-11,5.585,2024-07-11 00:55:00+03:00,2024-07-11 06:37:28+03:00,3,2024,7,July,Thursday,11,28,00:55,06:37,335.1
2024-07-12,7.083611111111111,2024-07-12 00:55:00+03:00,2024-07-12 00:55:00+03:00,1,2024,7,July,Friday,12,28,00:55,00:55,425.01666666666665
2024-07-15,5.899444444444445,2024-07-15 02:06:03+03:00,2024-07-15 02:06:03+03:00,1,2024,7,July,Monday,15,29,02:06,02:06,353.9666666666667
2024-07-16,6.648055555555556,2024-07-16 01:01:38+03:00,2024-07-16 01:01:38+03:00,1,2024,7,July,Tuesday,16,29,01:01,01:01,398.8833333333333
2024-07-17,5.889166666666666,2024-07-17 02:06:34+03:00,2024-07-17 03:22:12+03:00,2,2024,7,July,Wednesday,17,29,02:06,03:22,353.34999999999997
2024-07-18,4.838611111111111,2024-07-18 00:55:00+03:00,2024-07-18 00:55:00+03:00,1,2024,7,July,Thursday,18,29,00:55,00:55,290.31666666666666
2024-07-19,4.7958333333333325,2024-07-19 02:37:17+03:00,2024-07-19 04:34:10+03:00,3,2024,7,July,Friday,19,29,02:37,04:34,287.74999999999994
2024-07-22,5.4719444444444445,2024-07-22 00:55:00+03:00,2024-07-22 07:05:42+03:00,2,2024,7,July,Monday,22,30,00:55,07:05,328.31666666666666
2024-07-23,5.363055555555556,2024-07-23 00:55:00+03:00,2024-07-23 06:41:24+03:00,2,2024,7,July,Tuesday,23,30,00:55,06:41,321.78333333333336
2024-07-24,5.580277777777778,2024-07-24 02:25:12+03:00,2024-07-24 02:25:12+03:00,1,2024,7,July,Wednesday,24,30,02:25,02:25,334.81666666666666
2024-07-25,5.651944444444444,2024-07-25 02:19:52+03:00,2024-07-25 03:41:15+03:00,2,2024,7,July,Thursday,25,30,02:19,03:41,339.1166666666667
2024-07-26,5.716388888888889,2024-07-26 02:17:01+03:00,2024-07-26 02:17:01+03:00,1,2024,7,July,Friday,26,30,02:17,02:17,342.98333333333335
2024-07-29,5.052777777777778,2024-07-29 00:55:00+03:00,2024-07-29 00:55:00+03:00,1,2024,7,July,Monday,29,31,00:55,00:55,303.1666666666667
2024-07-30,7.083333333333333,2024-07-30 00:55:00+03:00,2024-07-30 00:55:00+03:00,1,2024,7,July,Tuesday,30,31,00:55,00:55,425.0
2024-07-31,7.083333333333333,2024-07-31 00:55:00+03:00,2024-07-31 00:55:00+03:00,1,2024,7,July,Wednesday,31,31,00:55,00:55,425.0
2024-08-01,4.411111111111111,2024-08-01 02:03:24+03:00,2024-08-01 06:31:56+03:00,2,2024,8,August,Thursday,1,31,02:03,06:31,264.6666666666667
2024-08-02,7.083333333333333,2024-08-02 00:55:00+03:00,2024-08-02 00:55:00+03:00,1,2024,8,August,Friday,2,31,00:55,00:55,425.0
2024-08-05,6.201944444444444,2024-08-05 01:47:54+03:00,2024-08-05 01:47:54+03:00,1,2024,8,August,Monday,5,32,01:47,01:47,372.1166666666666
2024-08-06,6.759166666666666,2024-08-06 01:14:27+03:00,2024-08-06 01:14:27+03:00,1,2024,8,August,Tuesday,6,32,01:14,01:14,405.54999999999995
2024-08-07,7.083333333333333,2024-08-07 00:55:00+03:00,2024-08-07 00:55:00+03:00,1,2024,8,August,Wednesday,7,32,00:55,00:55,425.0
2024-08-08,7.083888888888889,2024-08-08 00:55:00+03:00,2024-08-08 00:55:00+03:00,1,2024,8,August,Thursday,8,32,00:55,00:55,425.0333333333333
2024-08-09,5.082222222222222,2024-08-09 02:15:58+03:00,2024-08-09 03:17:25+03:00,2,2024,8,August,Friday,9,32,02:15,03:17,304.9333333333333
2024-08-12,7.083888888888889,2024-08-12 00:55:00+03:00,2024-08-12 00:55:00+03:00,1,2024,8,August,Monday,12,33,00:55,00:55,425.0333333333333
2024-08-13,6.324166666666667,2024-08-13 01:23:01+03:00,2024-08-13 02:36:34+03:00,2,2024,8,August,Tuesday,13,33,01:23,02:36,379.45
2024-08-14,7.083333333333333,2024-08-14 00:55:00+03:00,2024-08-14 00:55:00+03:00,1,2024,8,August,Wednesday,14,33,00:55,00:55,425.0
2024-08-15,4.995555555555556,2024-08-15 02:50:48+03:00,2024-08-15 03:34:44+03:00,2,2024,8,August,Thursday,15,33,02:50,03:34,299.73333333333335
2024-08-16,7.083611111111111,2024-08-16 00:55:00+03:00,2024-08-16 00:55:00+03:00,1,2024,8,August,Friday,16,33,00:55,00:55,425.01666666666665
2024-08-19,5.546666666666667,2024-08-19 00:55:00+03:00,2024-08-19 07:31:10+03:00,3,2024,8,August,Monday,19,34,00:55,07:31,332.8
2024-08-20,5.9366666666666665,2024-08-20 02:03:49+03:00,2024-08-20 02:03:49+03:00,1,2024,8,August,Tuesday,20,34,02:03,02:03,356.2
2024-08-21,5.885,2024-08-21 02:06:54+03:00,2024-08-21 02:06:54+03:00,1,2024,8,August,Wednesday,21,34,02:06,02:06,353.09999999999997
2024-08-22,7.083333333333333,2024-08-22 00:55:00+03:00,2024-08-22 00:55:00+03:00,1,2024,8,August,Thursday,22,34,00:55,00:55,425.0
2024-08-23,6.963888888888889,2024-08-23 00:55:00+03:00,2024-08-23 00:55:00+03:00,1,2024,8,August,Friday,23,34,00:55,00:55,417.8333333333333
2024-08-26,6.904722222222222,2024-08-26 00:55:00+03:00,2024-08-26 00:55:00+03:00,1,2024,8,August,Monday,26,35,00:55,00:55,414.28333333333336
2024-08-27,3.935,2024-08-27 04:03:54+03:00,2024-08-27 04:03:54+03:00,1,2024,8,August,Tuesday,27,35,04:03,04:03,236.1
2024-08-28,4.847222222222222,2024-08-28 03:09:13+03:00,2024-08-28 03:09:13+03:00,1,2024,8,August,Wednesday,28,35,03:09,03:09,290.8333333333333
2024-08-29,6.8213888888888885,2024-08-29 00:55:00+03:00,2024-08-29 00:55:00+03:00,1,2024,8,August,Thursday,29,35,00:55,00:55,409.2833333333333
2024-08-30,6.821666666666666,2024-08-30 01:10:42+03:00,2024-08-30 01:10:42+03:00,1,2024,8,August,Friday,30,35,01:10,01:10,409.29999999999995
2024-09-02,7.083333333333333,2024-09-02 00:55:00+03:00,2024-09-02 00:55:00+03:00,1,2024,9,September,Monday,2,36,00:55,00:55,425.0
2024-09-03,7.0633333333333335,2024-09-03 00:55:00+03:00,2024-09-03 04:44:21+03:00,2,2024,9,September,Tuesday,3,36,00:55,04:44,423.8
2024-09-04,6.621944444444445,2024-09-04 01:22:43+03:00,2024-09-04 01:22:43+03:00,1,2024,9,September,Wednesday,4,36,01:22,01:22,397.3166666666667
2024-09-05,3.178611111111111,2024-09-05 04:49:17+03:00,2024-09-05 04:49:17+03:00,1,2024,9,September,Thursday,5,36,04:49,04:49,190.71666666666667
2024-09-06,6.155277777777778,2024-09-06 01:42:01+03:00,2024-09-06 03:14:24+03:00,2,2024,9,September,Friday,6,36,01:42,03:14,369.31666666666666
2024-09-09,6.1075,2024-09-09 01:50:37+03:00,2024-09-09 07:20:47+03:00,3,2024,9,September,Monday,9,37,01:50,07:20,366.45
2024-09-10,5.860555555555556,2024-09-10 02:08:23+03:00,2024-09-10 02:08:23+03:00,1,2024,9,September,Tuesday,10,37,02:08,02:08,351.6333333333334
2024-09-11,7.083333333333333,2024-09-11 00:55:00+03:00,2024-09-11 00:55:00+03:00,1,2024,9,September,Wednesday,11,37,00:55,00:55,425.0
2024-09-12,7.083888888888889,2024-09-12 00:55:00+03:00,2024-09-12 00:55:00+03:00,1,2024,9,September,Thursday,12,37,00:55,00:55,425.0333333333333
2024-09-13,6.3675,2024-09-13 01:37:57+03:00,2024-09-13 01:37:57+03:00,1,2024,9,September,Friday,13,37,01:37,01:37,382.04999999999995
2024-09-16,7.083333333333333,2024-09-16 00:55:00+03:00,2024-09-16 00:55:00+03:00,1,2024,9,September,Monday,16,38,00:55,00:55,425.0
2024-09-17,6.756666666666667,2024-09-17 01:14:36+03:00,2024-09-17 01:14:36+03:00,1,2024,9,September,Tuesday,17,38,01:14,01:14,405.40000000000003
